Nom du fichier,EventID
win-winrm-listening service reconnaissance (object access)_EventID-4656.yaml,4656
defender-host signatures outdated (limited)_EventID-1151.yaml,1151
defender-critical security components disabled (command)_EventID-4688.yaml,4688
defender-real time protection failure (native)_EventID-3002.yaml,3002
defender-massive threat outbreach_EventID-1116.yaml,1116
defender-threat exclusion added (native)_EventID-5007.yaml,5007
defender-service components disabled (Reg via Sysmon)_EventID-13.yaml,13
defender-default action allow any threat (command)_EventID-4688.yaml,4688
defender-host massively infected_EventID-1116.yaml,1116
defender-security components disabled (command)_EventID-4688.yaml,4688
win-os-audit policy disabled (native)_EventID-4719.yaml,4719
"win-os-Mimikatz driver deployed via service_EventID-[4697, 7045].yaml","[4697, 7045]"
win-os-share manipulation (command)_EventID-4688.yaml,4688
"win-os-share admin$ accessed via SMB_EventID-[5140, 5145].yaml","[5140, 5145]"
win-os-netsh helper DLL registration abuse (command)_EventID-4688.yaml,4688
win-os-payload obfuscated transfer via service name - Tchopper (command)_EventID-4688.yaml,4688
win-os-DCOMexec abuse via MMC (command)_EventID-4688.yaml,4688
win-os-login authenticated on multiple hosts_EventID-4624.yaml,4624
win-os-brutforce attempt with valid user (OpenSSH)_EventID-4625.yaml,4625
win-os-share network file created_EventID-5142.yaml,5142
win-os-remote shell execution via SMB admin share_EventID-5145.yaml,5145
"win-os-user application credentials dump via share (DonPapi, Lazagne)_EventID-5145.yaml",5145
win-os-PSexec remote execution via SMB_EventID-5145.yaml,5145
win-os-brutforce with denied access due to account restrictions_EventID-4625.yaml,4625
"win-os-event log cleared (native)_EventID-[1102, 104].yaml","[1102, 104]"
win-os-impacket secret dump via SMB admin share_EventID-5145.yaml,5145
win-os-login with anonymous access on multiple hosts_EventID-4624.yaml,4624
"win-os-WMI event registration_EventID-[19, 20, 21].yaml","[19, 20, 21]"
win-os-dump credentials (protected with DPAPI) via network share_EventID-5145.yaml,5145
win-os-security package (SSP) loaded into LSA (native)_EventID-4622.yaml,4622
win-os-Pass-the-hash login with Mimikatz_EventID-4624.yaml,4624
"win-os-user files dump via share (DonPapi, Lazagne)_EventID-5145.yaml",5145
win-os-SMB insecure guest authentication activated (native)_EventID-31018.yaml,31018
win-os-login anonymous suspicious_EventID-4624.yaml,4624
win-os-lateral movement detection (special groups)_EventID-4964.yaml,4964
"win-os-new rights granted to an account_EventID-[4717, 4704].yaml","[4717, 4704]"
win-os-SystemNightmare by GentilKiwi - new device added (native)_EventID-6416.yaml,6416
win-os-backup Windows native size reconfiguration_EventID-4688.yaml,4688
win-os-hosts file accessed via network share_EventID-5145.yaml,5145
win-os-Fortinet APT group abuse on Windows (user)_EventID-4720.yaml,4720
win-os-print spooler bug discovery via named pipe_EventID-5145.yaml,5145
win-os-sticky key failed sethc replacement_EventID-4656.yaml,4656
win-os-WMI spawning PowerShell process - WMImplant (process)_EventID-4688.yaml,4688
win-os-WMIexec via SMB admin share_EventID-5145.yaml,5145
win-os-sticky key changed (Reg via command)_EventID-4688.yaml,4688
win-os-certutil obfuscation - Tchopper_EventID-4688.yaml,4688
win-os-time changed_EventID-4616.yaml,4616
win-os-Guest account activated_EventID-4722.yaml,4722
win-os-guest account activated (command)_EventID-4688.yaml,4688
win-os-registry backdoor permission change via WMI (DAMP)_EventID-4674.yaml,4674
win-os-security package (SSP) from Mimikatz loaded for password exfiltration in file_EventID-11.yaml,11
win-os-sticky key sethc command for replacement by CMD_EventID-4688.yaml,4688
win-os-DCOMexec abuse via MMC (privilege)_EventID-4674.yaml,4674
"win-os-named pipes reconnaissance via SMB (SharpHound, Pingcastle)_EventID-5145.yaml",5145
win-os-hosts file modified_EventID-11.yaml,11
win-os-WMI module loaded by suspicious process (CME)_EventID-7.yaml,7
win-os-sticky key sethc file created from CMD copy_EventID-11.yaml,11
win-os-sticky key CMD execution (hash detection)_EventID-1.yaml,1
"win-os-printer file share creation (PrintNightMare)_EventID-[5142, 5143].yaml","[5142, 5143]"
win-os-vault credentials accessed (native)_EventID-5382.yaml,5382
win-os-brutforce enumeration with unexisting users_EventID-4625.yaml,4625
"win-browser-credentials dump via network share (DonPapi, Lazagne)_EventID-5145.yaml",5145
win-browser-Edge abuse to download payload via console_EventID-4688.yaml,4688
win-browser-Edge & Chrome abuse to download payload via console_EventID-4688.yaml,4688
"win-os-firewall rule any-any created (firewall)_EventID-[2004, 2005].yaml","[2004, 2005]"
win-os-firewall rule creation (command)_EventID-4688.yaml,4688
win-os-firewall deactivation (deprecated command)_EventID-4688.yaml,4688
win-os-firewall deactivation (firewall)_EventID-4950.yaml,4950
win-os-firewall configuration enumerated (command)_EventID-4688.yaml,4688
win-os-firewall deactivation (modern command)_EventID-4688.yaml,4688
win-os-firewall rule created by PowerShell-CMD (native)_EventID-2004.yaml,2004
win-dns-failed dns zone transfer_EventID-6004.yaml,6004
"win-dns-member added to DnsAdmins group_EventID-[4728, 4756, 4732].yaml","[4728, 4756, 4732]"
"win-dns-ServerLevelPluginDLL load_EventID-[770, 150].yaml","[770, 150]"
win-ad-Kerberos AS-REP Roasting_EventID-4768.yaml,4768
win-ad-login with administrator forged Golden Ticket_EventID-4624.yaml,4624
win-ad-spn modification of a user account (Kerberoasting)_EventID-5136.yaml,5136
win-ad-SAM database access during DCshadow_EventID-4661.yaml,4661
win-ad-user set to use Kerberso DES encryption_EventID-4738.yaml,4738
"win-ad-DPAPI attribute accessed (DCSync, Mimikatz, RiskySPN)_EventID-4662.yaml",4662
win-ad-local group enumeration (CME)_EventID-4661.yaml,4661
win-ad-spn modification of a computer account_EventID-4742.yaml,4742
"win-ad-domain group membership change (high risk)_EventID-[4728, 4756].yaml","[4728, 4756]"
win-ad-Kerberos unconstrained domain persistence_EventID-4769.yaml,4769
win-ad-GPO permissions changed_EventID-5136.yaml,5136
win-ad-SharpHound host enumeration over Kerberos_EventID-4769.yaml,4769
win-ad-Kerberos suspicious proxiable ticket_EventID-4768.yaml,4768
win-ad-Kerberos constrained delegation abuse (S4U2Proxy)_EventID-4769.yaml,4769
win-ad-Kerberos constrained delegation settings changed (Rubeus) - Any protocol_EventID-4742.yaml,4742
win-ad-user set with reversible password encryption_EventID-4738.yaml,4738
win-ad-privilege SeMachineAccountPrivilege abuse_EventID-4673.yaml,4673
win-ad-computer account created by a computer account_EventID-4741.yaml,4741
win-ad-local-domain local group membership change (medium risk)_EventID-4732.yaml,4732
win-ad-user renamed to admin to bypass vigilance_EventID-4781.yaml,4781
win-ad-password domain policy enumeration_EventID-4661.yaml,4661
win-ad-user account created by a computer account_EventID-4720.yaml,4720
win-ad-SAM database user credentials dump with Mimikatz_EventID-4661.yaml,4661
win-ad-adminsdholder permissions changed_EventID-5136.yaml,5136
win-ad-group domain enumeration (CME)_EventID-4662.yaml,4662
"win-ad-replication privilege granted (SecretDump, DCsync)_EventID-5136.yaml",5136
win-ad-Kerberos unconstrained delegation settings changed (Rubeus)_EventID-4742.yaml,4742
"win-ad-share access with administrator forged Golden Ticket_EventID-[5140, 5145].yaml","[5140, 5145]"
win-ad-sensitive attributes accessed (DCshadow)_EventID-4662.yaml,4662
win-ad-Kerberos key list attack_EventID-4769.yaml,4769
win-ad-local-domain local group membership change (high risk)_EventID-4732.yaml,4732
win-ad-computer account set for RBCD delegation_EventID-5136.yaml,5136
win-ad-Kerberos ticket related to a potential Golden ticket_EventID-4768.yaml,4768
win-ad-honeypot account discovery_EventID-4662.yaml,4662
"win-ad-replication privilege accessed (SecretDump, DCsync)_EventID-4662.yaml",4662
win-ad-user set with password not required_EventID-4738.yaml,4738
"win-ad-Kerberos enumeration with existing-unexsting users (Kerbrute)_EventID-[4771, 4768].yaml","[4771, 4768]"
win-ad-SAM sensitive domain user & groups enumeration_EventID-4661.yaml,4661
win-ad-Kerberos constrained delegation settings changed (Rubeus) - Kerberos_EventID-4742.yaml,4742
"win-ad-group massive membership changes_EventID-[4728, 4756, 4732].yaml","[4728, 4756, 4732]"
win-ad-remote local group enumeration (SharpHound)_EventID-4799.yaml,4799
win-ad-computer account created with privileges_EventID-4741.yaml,4741
win-ad-extended rights backdoor obfuscation (via localizationDisplayId attr.)_EventID-5136.yaml,5136
win-ad-GPO sensitive modified_EventID-5136.yaml,5136
"win-ad-honeypot object usage detected_EventID-[4624, 4625, 4768, 4769, 4770, 4771, 5140, 5145].yaml","[4624, 4625, 4768, 4769, 4770, 4771, 5140, 5145]"
win-ad-kerberoast ticket detected_EventID-4769.yaml,4769
"win-ad-Kerberos  brutforce enumeration with unexisting users_EventID-[4771, 4768].yaml","[4771, 4768]"
win-ad-user password set to never expire_EventID-4738.yaml,4738
"win-ad-IFM created (native)_EventID-[325, 326, 327].yaml","[325, 326, 327]"
win-ad-DSRM configuration changed (Reg via command)_EventID-4688.yaml,4688
win-ad-spn modification of a computer account (DCshadow) (Directory Services)_EventID-5136.yaml,5136
win-ad-user set as sensitive had protection removed_EventID-4738.yaml,4738
win-ad-user set with Kerberos pre-authentication not required (AS-REP Roasting)_EventID-4738.yaml,4738
win-ad-SAM domain users & groups massive enumeration_EventID-4661.yaml,4661
win-ad-gMSA password dump - GoldenGMSA_EventID-4662.yaml,4662
win-ad-diskshadow abuse_EventID-4688.yaml,4688
win-ad-DSRM password changed_EventID-4794.yaml,4794
win-ad-Kerberos krbtgt password reset (Golden ticket)_EventID-4724.yaml,4724
win-ad-spn modification of a computer account (DCshadow)_EventID-4742.yaml,4742
win-ad-computer account modifying AD permissions_EventID-5136.yaml,5136
win-ad-PowerShell Active Directory module called from a non administrative host_EventID-600.yaml,600
"win-ad-domain group membership change (medium risk)_EventID-[4728, 4756].yaml","[4728, 4756]"
"win-os-service massive failures - Tchopper (native)_EventID-[7000, 7009].yaml","[7000, 7009]"
win-os-service abuse with backdoored command failure (service)_EventID-4688.yaml,4688
"win-os-service creation SMBexec (native)_EventID-[4697, 7045].yaml","[4697, 7045]"
win-os-service permissions modified (Reg via command)_EventID-4688.yaml,4688
"win-os-service remote creation via named pipes (CME, Tchopper)_EventID-5145.yaml",5145
win-os-service abuse with backdoored command failure (Reg via command)_EventID-4688.yaml,4688
win-os-service massive remote creation via named pipes - Tchopper (native)_EventID-5145.yaml,5145
win-os-service remote creation via named pipes_EventID-5145.yaml,5145
win-os-service abuse with malicious ImagePath (Reg via command)_EventID-4688.yaml,4688
win-os-service KrbRelay deployed (native)_EventID-7045.yaml,7045
win-os-service massive installation- Tchopper (native)_EventID-7045.yaml,7045
sql_server-brutforce enumeration with unexisting users_EventID-33205.yaml,33205
sql_server-SQL Server started in single mode (command)_EventID-4688.yaml,4688
sql_server-new member added to a server role_EventID-33205.yaml,33205
sql_server-member got new privileges on a database_EventID-33205.yaml,33205
sql_server-default SA admin user enabled_EventID-33205.yaml,33205
sql_server-member got new privileges on a SQL instance_EventID-33205.yaml,33205
sql_server-new member added to a database role_EventID-33205.yaml,33205
sql_server-lateral movement via CLR_EventID-15457.yaml,15457
sql_server-SQL Server DAC mode activated_EventID-15457.yaml,15457
sql_server-failed login with disabled user_EventID-18470.yaml,18470
"sql_server-SQL Server DAC mode activity_EventID-[17199, 17200, 17201, 17202, 17810].yaml","[17199, 17200, 17201, 17202, 17810]"
win-os-AD Connect credentials dump via network share_EventID-5145.yaml,5145
win-os-local group enumeration via Azure Virtual machine recovery tool_EventID-4799.yaml,4799
win-os-login via Azure serial console_EventID-4624.yaml,4624
win-ocsp-security settings changed_EventID-5124.yaml,5124
win-iis-web server configuration file changed (SYSMON)_EventID-11.yaml,11
"win-os-BitLocker massive feature activation (native)_EventID-[768, 775].yaml","[768, 775]"
"win-exchange-group membership change (high risk)_EventID-[4728, 4756, 4732].yaml","[4728, 4756, 4732]"
"win-exchange-transport agent artifact (native)_EventID-[1, 6].yaml","[1, 6]"
win-exchange-computer account modifying AD permissions (PrivExchange)_EventID-5136.yaml,5136
"win-exchange-group membership change (medium risk)_EventID-[4728, 4756, 4732].yaml","[4728, 4756, 4732]"
"win-exchange-group change DCsync attack_EventID-[4728, 4756, 4732].yaml","[4728, 4756, 4732]"
win-exchange-PrivExchange impersonation detected_EventID-4624.yaml,4624
win-os-scheduled task remote creation via named pipes (CME-ATexec)_EventID-5145.yaml,5145
win-os-Fortinet APT group abuse on Windows (task)_EventID-4698.yaml,4698
"win-os-scheduled task triggers interactive shell (at, deprecated)_EventID-4688.yaml",4688
win-os-scheduled task remote creation via named pipes (ATexec)_EventID-5145.yaml,5145
win-os-scheduled persistent task creation (command)_EventID-4688.yaml,4688
win-os-scheduled task enumeration (command)_EventID-4688.yaml,4688
"win-rdp-shadow session started (native)_EventID-[20503, 20504, 20508].yaml","[20503, 20504, 20508]"
win-rdp-tunneling detected (native)_EventID-1149.yaml,1149
win-rdp-reconnaissance with valid credentials performed to multiple hosts_EventID-1149.yaml,1149
win-rdp-discovery performed on multiple hosts_EventID-131.yaml,131
win-rdp-session hijack (TSCON) (command)_EventID-4688.yaml,4688
win-rdp-shadow session started (command)_EventID-4688.yaml,4688
win-rdp-login denied with valid credentials_EventID-4825.yaml,4825
win-rdp-bluekeep connection closed_EventID-148.yaml,148
"win-os-LSASS process accessed by a non system account_EventID-[4656, 4663].yaml","[4656, 4663]"
"win-os-LSASS credential dump with LSASSY (kernel)_EventID-[4656, 4663].yaml","[4656, 4663]"
win-os-LSASS credential dump via process access_EventID-10.yaml,10
win-os-LSASS dump via Task Manager (kernel)_EventID-4663.yaml,4663
win-os-LSASS credential dump with LSASSY (share)_EventID-5145.yaml,5145
win-os-Linux Subsystem (WSL) installation (native)_EventID-9.yaml,9
win-os-OpenSSH success login_EventID-4624.yaml,4624
win-os-OpenSSH brutforce enumeration with unexisting users_EventID-4625.yaml,4625
win-os-OpenSSH server listening_EventID-4.yaml,4
win-os-OpenSSH server firewall configuration (command)_EventID-4688.yaml,4688
win-os-OpenSSH server firewall configuration (firewall)_EventID-2004.yaml,2004
win-os-NTFS hard link creation (native)_EventID-4664.yaml,4664
"win-skype-group membership change (high risk)_EventID-[4728, 4756, 4732].yaml","[4728, 4756, 4732]"
"win-skype-group membership change (low risk)_EventID-[4728, 4756, 4732].yaml","[4728, 4756, 4732]"
"win-skype-group membership change (medium risk)_EventID-[4728, 4756, 4732].yaml","[4728, 4756, 4732]"
