Nom du fichier,EventID
win-winrm-listeningservicereconnaissanceobjectaccess_EventID-4656_EventID-4656.yaml,4656
defender-threatexclusionaddednative_EventID-5007_EventID-5007.yaml,5007
defender-hostmassivelyinfected_EventID-1116_EventID-1116.yaml,1116
defender-servicecomponentsdisabledRegviaSysmon_EventID-13_EventID-13.yaml,13
defender-securitycomponentsdisabledcommand_EventID-4688_EventID-4688.yaml,4688
defender-defaultactionallowanythreatcommand_EventID-4688_EventID-4688.yaml,4688
defender-hostsignaturesoutdatedlimited_EventID-1151_EventID-1151.yaml,1151
defender-massivethreatoutbreach_EventID-1116_EventID-1116.yaml,1116
defender-realtimeprotectionfailurenative_EventID-3002_EventID-3002.yaml,3002
defender-criticalsecuritycomponentsdisabledcommand_EventID-4688_EventID-4688.yaml,4688
win-os-guestaccountactivatedcommand_EventID-4688_EventID-4688.yaml,4688
win-os-stickykeysethccommandforreplacementbyCMD_EventID-4688_EventID-4688.yaml,4688
win-os-dumpcredentialsprotectedwithDPAPIvianetworkshare_EventID-5145_EventID-5145.yaml,5145
"win-os-newrightsgrantedtoanaccount_EventID-[4717,4704]_EventID-[4717, 4704].yaml","[4717, 4704]"
win-os-Pass-the-hashloginwithMimikatz_EventID-4624_EventID-4624.yaml,4624
win-os-DCOMexecabuseviaMMCcommand_EventID-4688_EventID-4688.yaml,4688
"win-os-userapplicationcredentialsdumpviashareDonPapi,Lazagne_EventID-5145_EventID-5145.yaml",5145
win-os-brutforcewithdeniedaccessduetoaccountrestrictions_EventID-4625_EventID-4625.yaml,4625
win-os-hostsfilemodified_EventID-11_EventID-11.yaml,11
win-os-registrybackdoorpermissionchangeviaWMIDAMP_EventID-4674_EventID-4674.yaml,4674
win-os-impacketsecretdumpviaSMBadminshare_EventID-5145_EventID-5145.yaml,5145
win-os-SMBinsecureguestauthenticationactivatednative_EventID-31018_EventID-31018.yaml,31018
win-os-brutforceattemptwithvaliduserOpenSSH_EventID-4625_EventID-4625.yaml,4625
"win-os-namedpipesreconnaissanceviaSMBSharpHound,Pingcastle_EventID-5145_EventID-5145.yaml",5145
win-os-timechanged_EventID-4616_EventID-4616.yaml,4616
win-os-backupWindowsnativesizereconfiguration_EventID-4688_EventID-4688.yaml,4688
win-os-printspoolerbugdiscoveryvianamedpipe_EventID-5145_EventID-5145.yaml,5145
win-os-loginauthenticatedonmultiplehosts_EventID-4624_EventID-4624.yaml,4624
win-os-WMIspawningPowerShellprocess-WMImplantprocess_EventID-4688_EventID-4688.yaml,4688
win-os-certutilobfuscation-Tchopper_EventID-4688_EventID-4688.yaml,4688
"win-os-WMIeventregistration_EventID-[19,20,21]_EventID-[19, 20, 21].yaml","[19, 20, 21]"
"win-os-printerfilesharecreationPrintNightMare_EventID-[5142,5143]_EventID-[5142, 5143].yaml","[5142, 5143]"
win-os-WMIexecviaSMBadminshare_EventID-5145_EventID-5145.yaml,5145
win-os-FortinetAPTgroupabuseonWindowsuser_EventID-4720_EventID-4720.yaml,4720
win-os-stickykeychangedRegviacommand_EventID-4688_EventID-4688.yaml,4688
win-os-Guestaccountactivated_EventID-4722_EventID-4722.yaml,4722
win-os-netshhelperDLLregistrationabusecommand_EventID-4688_EventID-4688.yaml,4688
"win-os-Mimikatzdriverdeployedviaservice_EventID-[4697,7045]_EventID-[4697, 7045].yaml","[4697, 7045]"
win-os-loginanonymoussuspicious_EventID-4624_EventID-4624.yaml,4624
win-os-vaultcredentialsaccessednative_EventID-5382_EventID-5382.yaml,5382
win-os-securitypackageSSPfromMimikatzloadedforpasswordexfiltrationinfile_EventID-11_EventID-11.yaml,11
win-os-loginwithanonymousaccessonmultiplehosts_EventID-4624_EventID-4624.yaml,4624
win-os-brutforceenumerationwithunexistingusers_EventID-4625_EventID-4625.yaml,4625
win-os-SystemNightmarebyGentilKiwi-newdeviceaddednative_EventID-6416_EventID-6416.yaml,6416
win-os-PSexecremoteexecutionviaSMB_EventID-5145_EventID-5145.yaml,5145
win-os-securitypackageSSPloadedintoLSAnative_EventID-4622_EventID-4622.yaml,4622
win-os-hostsfileaccessedvianetworkshare_EventID-5145_EventID-5145.yaml,5145
win-os-stickykeyCMDexecutionhashdetection_EventID-1_EventID-1.yaml,1
"win-os-eventlogclearednative_EventID-[1102,104]_EventID-[1102, 104].yaml","[1102, 104]"
"win-os-userfilesdumpviashareDonPapi,Lazagne_EventID-5145_EventID-5145.yaml",5145
win-os-stickykeysethcfilecreatedfromCMDcopy_EventID-11_EventID-11.yaml,11
"win-os-shareadmin$accessedviaSMB_EventID-[5140,5145]_EventID-[5140, 5145].yaml","[5140, 5145]"
win-os-auditpolicydisablednative_EventID-4719_EventID-4719.yaml,4719
win-os-stickykeyfailedsethcreplacement_EventID-4656_EventID-4656.yaml,4656
win-os-WMImoduleloadedbysuspiciousprocessCME_EventID-7_EventID-7.yaml,7
win-os-payloadobfuscatedtransferviaservicename-Tchoppercommand_EventID-4688_EventID-4688.yaml,4688
win-os-DCOMexecabuseviaMMCprivilege_EventID-4674_EventID-4674.yaml,4674
win-os-sharemanipulationcommand_EventID-4688_EventID-4688.yaml,4688
win-os-sharenetworkfilecreated_EventID-5142_EventID-5142.yaml,5142
win-os-lateralmovementdetectionspecialgroups_EventID-4964_EventID-4964.yaml,4964
win-os-remoteshellexecutionviaSMBadminshare_EventID-5145_EventID-5145.yaml,5145
win-browser-Edge&Chromeabusetodownloadpayloadviaconsole_EventID-4688_EventID-4688.yaml,4688
win-browser-Edgeabusetodownloadpayloadviaconsole_EventID-4688_EventID-4688.yaml,4688
"win-browser-credentialsdumpvianetworkshareDonPapi,Lazagne_EventID-5145_EventID-5145.yaml",5145
win-os-firewallrulecreatedbyPowerShell-CMDnative_EventID-2004_EventID-2004.yaml,2004
win-os-firewalldeactivationfirewall_EventID-4950_EventID-4950.yaml,4950
win-os-firewalldeactivationdeprecatedcommand_EventID-4688_EventID-4688.yaml,4688
"win-os-firewallruleany-anycreatedfirewall_EventID-[2004,2005]_EventID-[2004, 2005].yaml","[2004, 2005]"
win-os-firewallconfigurationenumeratedcommand_EventID-4688_EventID-4688.yaml,4688
win-os-firewalldeactivationmoderncommand_EventID-4688_EventID-4688.yaml,4688
win-os-firewallrulecreationcommand_EventID-4688_EventID-4688.yaml,4688
"win-dns-memberaddedtoDnsAdminsgroup_EventID-[4728,4756,4732]_EventID-[4728, 4756, 4732].yaml","[4728, 4756, 4732]"
win-dns-faileddnszonetransfer_EventID-6004_EventID-6004.yaml,6004
"win-dns-ServerLevelPluginDLLload_EventID-[770,150]_EventID-[770, 150].yaml","[770, 150]"
"win-ad-Kerberosbrutforceenumerationwithunexistingusers_EventID-[4771,4768]_EventID-[4771, 4768].yaml","[4771, 4768]"
win-ad-SAMdatabaseusercredentialsdumpwithMimikatz_EventID-4661_EventID-4661.yaml,4661
win-ad-sensitiveattributesaccessedDCshadow_EventID-4662_EventID-4662.yaml,4662
"win-ad-IFMcreatednative_EventID-[325,326,327]_EventID-[325, 326, 327].yaml","[325, 326, 327]"
win-ad-kerberoastticketdetected_EventID-4769_EventID-4769.yaml,4769
"win-ad-replicationprivilegegrantedSecretDump,DCsync_EventID-5136_EventID-5136.yaml",5136
win-ad-KerberosconstraineddelegationabuseS4U2Proxy_EventID-4769_EventID-4769.yaml,4769
"win-ad-domaingroupmembershipchangemediumrisk_EventID-[4728,4756]_EventID-[4728, 4756].yaml","[4728, 4756]"
win-ad-DSRMconfigurationchangedRegviacommand_EventID-4688_EventID-4688.yaml,4688
win-ad-localgroupenumerationCME_EventID-4661_EventID-4661.yaml,4661
win-ad-KerberosconstraineddelegationsettingschangedRubeus-Anyprotocol_EventID-4742_EventID-4742.yaml,4742
win-ad-passworddomainpolicyenumeration_EventID-4661_EventID-4661.yaml,4661
win-ad-KerberosunconstraineddelegationsettingschangedRubeus_EventID-4742_EventID-4742.yaml,4742
"win-ad-honeypotobjectusagedetected_EventID-[4624,4625,4768,4769,4770,4771,5140,5145]_EventID-[4624, 4625, 4768, 4769, 4770, 4771, 5140, 5145].yaml","[4624, 4625, 4768, 4769, 4770, 4771, 5140, 5145]"
win-ad-SAMdomainusers&groupsmassiveenumeration_EventID-4661_EventID-4661.yaml,4661
win-ad-computeraccountcreatedwithprivileges_EventID-4741_EventID-4741.yaml,4741
win-ad-useraccountcreatedbyacomputeraccount_EventID-4720_EventID-4720.yaml,4720
win-ad-honeypotaccountdiscovery_EventID-4662_EventID-4662.yaml,4662
win-ad-computeraccountcreatedbyacomputeraccount_EventID-4741_EventID-4741.yaml,4741
"win-ad-shareaccesswithadministratorforgedGoldenTicket_EventID-[5140,5145]_EventID-[5140, 5145].yaml","[5140, 5145]"
win-ad-groupdomainenumerationCME_EventID-4662_EventID-4662.yaml,4662
win-ad-usersetwithreversiblepasswordencryption_EventID-4738_EventID-4738.yaml,4738
win-ad-spnmodificationofacomputeraccount_EventID-4742_EventID-4742.yaml,4742
win-ad-GPOsensitivemodified_EventID-5136_EventID-5136.yaml,5136
win-ad-DSRMpasswordchanged_EventID-4794_EventID-4794.yaml,4794
win-ad-spnmodificationofacomputeraccountDCshadow_EventID-4742_EventID-4742.yaml,4742
win-ad-usersetassensitivehadprotectionremoved_EventID-4738_EventID-4738.yaml,4738
win-ad-KerberosAS-REPRoasting_EventID-4768_EventID-4768.yaml,4768
win-ad-PowerShellActiveDirectorymodulecalledfromanonadministrativehost_EventID-600_EventID-600.yaml,600
win-ad-adminsdholderpermissionschanged_EventID-5136_EventID-5136.yaml,5136
win-ad-SharpHoundhostenumerationoverKerberos_EventID-4769_EventID-4769.yaml,4769
win-ad-computeraccountsetforRBCDdelegation_EventID-5136_EventID-5136.yaml,5136
win-ad-KerberosconstraineddelegationsettingschangedRubeus-Kerberos_EventID-4742_EventID-4742.yaml,4742
win-ad-usersetwithpasswordnotrequired_EventID-4738_EventID-4738.yaml,4738
"win-ad-DPAPIattributeaccessedDCSync,Mimikatz,RiskySPN_EventID-4662_EventID-4662.yaml",4662
"win-ad-Kerberosenumerationwithexisting-unexstingusersKerbrute_EventID-[4771,4768]_EventID-[4771, 4768].yaml","[4771, 4768]"
win-ad-Kerberosunconstraineddomainpersistence_EventID-4769_EventID-4769.yaml,4769
win-ad-spnmodificationofauseraccountKerberoasting_EventID-5136_EventID-5136.yaml,5136
win-ad-remotelocalgroupenumerationSharpHound_EventID-4799_EventID-4799.yaml,4799
"win-ad-replicationprivilegeaccessedSecretDump,DCsync_EventID-4662_EventID-4662.yaml",4662
win-ad-SAMdatabaseaccessduringDCshadow_EventID-4661_EventID-4661.yaml,4661
win-ad-loginwithadministratorforgedGoldenTicket_EventID-4624_EventID-4624.yaml,4624
win-ad-userpasswordsettoneverexpire_EventID-4738_EventID-4738.yaml,4738
win-ad-gMSApassworddump-GoldenGMSA_EventID-4662_EventID-4662.yaml,4662
win-ad-computeraccountmodifyingADpermissions_EventID-5136_EventID-5136.yaml,5136
win-ad-KerberoskrbtgtpasswordresetGoldenticket_EventID-4724_EventID-4724.yaml,4724
win-ad-local-domainlocalgroupmembershipchangehighrisk_EventID-4732_EventID-4732.yaml,4732
win-ad-usersetwithKerberospre-authenticationnotrequiredAS-REPRoasting_EventID-4738_EventID-4738.yaml,4738
win-ad-Kerberoskeylistattack_EventID-4769_EventID-4769.yaml,4769
win-ad-extendedrightsbackdoorobfuscationvialocalizationDisplayIdattr._EventID-5136_EventID-5136.yaml,5136
win-ad-Kerberossuspiciousproxiableticket_EventID-4768_EventID-4768.yaml,4768
win-ad-diskshadowabuse_EventID-4688_EventID-4688.yaml,4688
"win-ad-groupmassivemembershipchanges_EventID-[4728,4756,4732]_EventID-[4728, 4756, 4732].yaml","[4728, 4756, 4732]"
"win-ad-domaingroupmembershipchangehighrisk_EventID-[4728,4756]_EventID-[4728, 4756].yaml","[4728, 4756]"
win-ad-local-domainlocalgroupmembershipchangemediumrisk_EventID-4732_EventID-4732.yaml,4732
win-ad-privilegeSeMachineAccountPrivilegeabuse_EventID-4673_EventID-4673.yaml,4673
win-ad-SAMsensitivedomainuser&groupsenumeration_EventID-4661_EventID-4661.yaml,4661
win-ad-spnmodificationofacomputeraccountDCshadowDirectoryServices_EventID-5136_EventID-5136.yaml,5136
win-ad-userrenamedtoadmintobypassvigilance_EventID-4781_EventID-4781.yaml,4781
win-ad-KerberosticketrelatedtoapotentialGoldenticket_EventID-4768_EventID-4768.yaml,4768
win-ad-usersettouseKerbersoDESencryption_EventID-4738_EventID-4738.yaml,4738
win-ad-GPOpermissionschanged_EventID-5136_EventID-5136.yaml,5136
win-os-serviceabusewithbackdooredcommandfailureservice_EventID-4688_EventID-4688.yaml,4688
"win-os-servicecreationSMBexecnative_EventID-[4697,7045]_EventID-[4697, 7045].yaml","[4697, 7045]"
win-os-serviceremotecreationvianamedpipes_EventID-5145_EventID-5145.yaml,5145
win-os-servicemassiveremotecreationvianamedpipes-Tchoppernative_EventID-5145_EventID-5145.yaml,5145
win-os-serviceKrbRelaydeployednative_EventID-7045_EventID-7045.yaml,7045
"win-os-serviceremotecreationvianamedpipesCME,Tchopper_EventID-5145_EventID-5145.yaml",5145
win-os-servicepermissionsmodifiedRegviacommand_EventID-4688_EventID-4688.yaml,4688
win-os-serviceabusewithmaliciousImagePathRegviacommand_EventID-4688_EventID-4688.yaml,4688
win-os-serviceabusewithbackdooredcommandfailureRegviacommand_EventID-4688_EventID-4688.yaml,4688
win-os-servicemassiveinstallation-Tchoppernative_EventID-7045_EventID-7045.yaml,7045
"win-os-servicemassivefailures-Tchoppernative_EventID-[7000,7009]_EventID-[7000, 7009].yaml","[7000, 7009]"
sql_server-SQLServerDACmodeactivated_EventID-15457_EventID-15457.yaml,15457
"sql_server-SQLServerDACmodeactivity_EventID-[17199,17200,17201,17202,17810]_EventID-[17199, 17200, 17201, 17202, 17810].yaml","[17199, 17200, 17201, 17202, 17810]"
sql_server-newmemberaddedtoaserverrole_EventID-33205_EventID-33205.yaml,33205
sql_server-defaultSAadminuserenabled_EventID-33205_EventID-33205.yaml,33205
sql_server-SQLServerstartedinsinglemodecommand_EventID-4688_EventID-4688.yaml,4688
sql_server-newmemberaddedtoadatabaserole_EventID-33205_EventID-33205.yaml,33205
sql_server-membergotnewprivilegesonadatabase_EventID-33205_EventID-33205.yaml,33205
sql_server-brutforceenumerationwithunexistingusers_EventID-33205_EventID-33205.yaml,33205
sql_server-membergotnewprivilegesonaSQLinstance_EventID-33205_EventID-33205.yaml,33205
sql_server-failedloginwithdisableduser_EventID-18470_EventID-18470.yaml,18470
sql_server-lateralmovementviaCLR_EventID-15457_EventID-15457.yaml,15457
win-os-ADConnectcredentialsdumpvianetworkshare_EventID-5145_EventID-5145.yaml,5145
win-os-localgroupenumerationviaAzureVirtualmachinerecoverytool_EventID-4799_EventID-4799.yaml,4799
win-os-loginviaAzureserialconsole_EventID-4624_EventID-4624.yaml,4624
win-ocsp-securitysettingschanged_EventID-5124_EventID-5124.yaml,5124
win-iis-webserverconfigurationfilechangedSYSMON_EventID-11_EventID-11.yaml,11
"win-os-BitLockermassivefeatureactivationnative_EventID-[768,775]_EventID-[768, 775].yaml","[768, 775]"
"win-exchange-groupmembershipchangemediumrisk_EventID-[4728,4756,4732]_EventID-[4728, 4756, 4732].yaml","[4728, 4756, 4732]"
win-exchange-computeraccountmodifyingADpermissionsPrivExchange_EventID-5136_EventID-5136.yaml,5136
"win-exchange-groupmembershipchangehighrisk_EventID-[4728,4756,4732]_EventID-[4728, 4756, 4732].yaml","[4728, 4756, 4732]"
"win-exchange-transportagentartifactnative_EventID-[1,6]_EventID-[1, 6].yaml","[1, 6]"
"win-exchange-groupchangeDCsyncattack_EventID-[4728,4756,4732]_EventID-[4728, 4756, 4732].yaml","[4728, 4756, 4732]"
win-exchange-PrivExchangeimpersonationdetected_EventID-4624_EventID-4624.yaml,4624
win-os-FortinetAPTgroupabuseonWindowstask_EventID-4698_EventID-4698.yaml,4698
win-os-scheduledtaskremotecreationvianamedpipesATexec_EventID-5145_EventID-5145.yaml,5145
win-os-scheduledtaskremotecreationvianamedpipesCME-ATexec_EventID-5145_EventID-5145.yaml,5145
"win-os-scheduledtasktriggersinteractiveshellat,deprecated_EventID-4688_EventID-4688.yaml",4688
win-os-scheduledtaskenumerationcommand_EventID-4688_EventID-4688.yaml,4688
win-os-scheduledpersistenttaskcreationcommand_EventID-4688_EventID-4688.yaml,4688
win-rdp-reconnaissancewithvalidcredentialsperformedtomultiplehosts_EventID-1149_EventID-1149.yaml,1149
win-rdp-tunnelingdetectednative_EventID-1149_EventID-1149.yaml,1149
win-rdp-logindeniedwithvalidcredentials_EventID-4825_EventID-4825.yaml,4825
win-rdp-discoveryperformedonmultiplehosts_EventID-131_EventID-131.yaml,131
win-rdp-bluekeepconnectionclosed_EventID-148_EventID-148.yaml,148
"win-rdp-shadowsessionstartednative_EventID-[20503,20504,20508]_EventID-[20503, 20504, 20508].yaml","[20503, 20504, 20508]"
win-rdp-shadowsessionstartedcommand_EventID-4688_EventID-4688.yaml,4688
win-rdp-sessionhijackTSCONcommand_EventID-4688_EventID-4688.yaml,4688
win-os-LSASSdumpviaTaskManagerkernel_EventID-4663_EventID-4663.yaml,4663
"win-os-LSASScredentialdumpwithLSASSYkernel_EventID-[4656,4663]_EventID-[4656, 4663].yaml","[4656, 4663]"
"win-os-LSASSprocessaccessedbyanonsystemaccount_EventID-[4656,4663]_EventID-[4656, 4663].yaml","[4656, 4663]"
win-os-LSASScredentialdumpwithLSASSYshare_EventID-5145_EventID-5145.yaml,5145
win-os-LSASScredentialdumpviaprocessaccess_EventID-10_EventID-10.yaml,10
win-os-LinuxSubsystemWSLinstallationnative_EventID-9_EventID-9.yaml,9
win-os-OpenSSHserverfirewallconfigurationcommand_EventID-4688_EventID-4688.yaml,4688
win-os-OpenSSHserverlistening_EventID-4_EventID-4.yaml,4
win-os-OpenSSHsuccesslogin_EventID-4624_EventID-4624.yaml,4624
win-os-OpenSSHserverfirewallconfigurationfirewall_EventID-2004_EventID-2004.yaml,2004
win-os-OpenSSHbrutforceenumerationwithunexistingusers_EventID-4625_EventID-4625.yaml,4625
win-os-NTFShardlinkcreationnative_EventID-4664_EventID-4664.yaml,4664
"win-skype-groupmembershipchangelowrisk_EventID-[4728,4756,4732]_EventID-[4728, 4756, 4732].yaml","[4728, 4756, 4732]"
"win-skype-groupmembershipchangehighrisk_EventID-[4728,4756,4732]_EventID-[4728, 4756, 4732].yaml","[4728, 4756, 4732]"
"win-skype-groupmembershipchangemediumrisk_EventID-[4728,4756,4732]_EventID-[4728, 4756, 4732].yaml","[4728, 4756, 4732]"
