Nom du fichier,Titre,EventID
win-winrm-winrs usage for remote execution.yaml,WinRS usage for remote execution,
win-winrm-listening service reconnaissance (process).yaml,WinRM listening service reconnaissance (process),
win-winrm-listening service reconnaissance (object access).yaml,WinRM listening service reconnaissance (WS-Management),4656
defender-host signatures outdated (limited).yaml,Microsoft Defender signatures not up to date,1151
defender-default action allow any threat (PowerShell).yaml,Microsoft Defender default action changed to allow any threat (PowerShell),
defender-critical security components disabled (command).yaml,Microsoft Defender critical security components disabled (command),4688
defender-threat exclusion added (PowerShell).yaml,Microsoft Defender threat exclusion added (PowerShell),
defender-real time protection failure (native).yaml,Microsoft Defender real time protection failure (native),3002
defender-massive threat outbreach.yaml,Microsoft Defender massive virus outbreach,1116
defender-threat exclusion added (native).yaml,Microsoft Defender threat exclusion added (native),5007
defender-security components disabled (PowerShell).yaml,Microsoft Defender security components disabled (PowerShell),
defender-service components disabled (Reg via Sysmon).yaml,Microsoft Defender service components status disabled (Registry via Sysmon),13
defender-service deactivation attempt (command).yaml,Microsoft Defender service deactivation attempt (command),
defender-default action allow any threat (command).yaml,Microsoft Defender default action changed to allow any threat (command),4688
defender-host massively infected.yaml,Microsoft Defender massive host infection,1116
defender-critical security components disabled (PowerShell).yaml,Microsoft Defender critical security components disabled (PowerShell),
defender-security components disabled (command).yaml,Microsoft Defender security components disabled (command),4688
win-os-group domain membership change (PowerShell).yaml,Domain group membership change,
win-os-event log disabled or size reduced (command).yaml,Event log deactivation or size reduction (command),
win-os-printer spool driver from Mimikatz installed (PrintNightMare).yaml,Mimispool printer driver installation (PrintNightmare vulnerability - CVE-2021-36958),
win-os-audit policy disabled (native).yaml,Audit policy disabled by command line,4719
win-os-DoT (DNS over TLS) activation (command).yaml,DoT (DNS over TLS) activation (command),
win-os-Mimikatz driver deployed via service.yaml,Mimikatz driver deployed via service,"[4697, 7045]"
win-os-share manipulation (command).yaml,Network share manipulation via commandline,4688
win-os-NTLM downgrade attack (Reg via Sysmon).yaml,NTLM downgrade attack (Reg via SYSMON),
win-os-share admin$ accessed via SMB.yaml,SMB admin share accessed,"[5140, 5145]"
win-os-netsh helper DLL registration abuse (command).yaml,Netsh helper DLL abuse (process),4688
win-os-payload obfuscated transfer via service name - Tchopper (command).yaml,Obfuscated payload transfered via service name - Tchopper (command),4688
win-os-printer process spawned a CMD shell (PrintNightMare).yaml,Spool process spawned a CMD shell (PrintNightmare vulnerability - CVE-2021-36958),
win-os-DCOMexec abuse via MMC (command).yaml,Impacket DCOMexec process abuse via MMC,4688
win-os-sticky key CMD execution.yaml,Stickey key called CMD via command execution,
win-os-group discovery (command).yaml,Group discovery (command),
win-os-group local membership change (PowerShell).yaml,Local group membership change,
win-os-privilege escalation via runas (command).yaml,Privilege escalation via runas (command),
win-os-certutil obfuscation.yaml,Certutil payload obfuscation (command),
win-os-login authenticated on multiple hosts.yaml,Network login performed to multiple targets,4624
win-os-payload download (PowerShell).yaml,Payload downloaded via PowerShell,
win-os-audit policy enumeration (command).yaml,Audit policy enumerated,
win-os-backup Windows native deletion.yaml,Windows native backup deletion,
win-os-brutforce attempt with valid user (OpenSSH).yaml,Brutforce on Windows OpenSSH server with valid users,4625
win-os-share network file created.yaml,New network file share created,5142
win-os-remote shell execution via SMB admin share.yaml,Remote shell execution via SMB admin share,5145
"win-os-user application credentials dump via share (DonPapi, Lazagne).yaml","User application credentials dump via network share (DonPapi, Lazagne)",5145
win-os-PSexec remote execution via SMB.yaml,PSexec execution over SMB share,5145
win-os-brutforce with denied access due to account restrictions.yaml,Brutforce with denied access due to account restrictions policies,4625
win-os-print spooler privilege escalation (CVE-2020-1048).yaml,Print spooler privilege escalation via printer added (CVE-2020-1048),
win-os-event log cleared (native).yaml,Event log cleared (native),"[1102, 104]"
win-os-impacket secret dump via SMB admin share.yaml,Secretdump password dumping via SMB admin share,5145
win-os-login with anonymous access on multiple hosts.yaml,Anonymous access performed to multiple targets,4624
win-os-PipeShell exfiltration over named pipes (PowerShell).yaml,PipeShell exfiltration over named pipes,
win-os-certutil payload download.yaml,Certutil payload download (command),
win-os-Wdigest (SSP) authentication activated (Reg via command).yaml,Wdigest authentication enabled (Reg via command),
win-os-WMI event registration.yaml,WMI registration,"[19, 20, 21]"
win-os-searchindexer suspicious process activity.yaml,SearchIndexer suspicious process activity,
win-os-hidden account creation.yaml,Hidden account creation (with fast deletion),
win-os-certificate CA installation (command).yaml,Certutil root certificate installation,
win-os-Fortinet APT group abuse on Windows (PowerShell).yaml,Vault credentials manager accessed,
win-os-share discovery (command).yaml,Network share discovery and/or connection via commandline,
win-os-PSexec installation.yaml,PSexec application execution,
win-os-event log cleared (wmi).yaml,Event log clear attempt (wmi),
win-os-dump credentials (protected with DPAPI) via network share.yaml,Credentials (protected by DPAPI) dump via network share,5145
win-os-security package (SSP) loaded into LSA (native).yaml,Security package (SSP) loaded into LSA (native),4622
win-os-sniffer Pktmon abuse (command).yaml,Windows native Pktmon sniffer abuse,
win-os-backup VSS deletion (PowerShell).yaml,VSS backup deletion via WMI (Powershell),
win-os-Pass-the-hash login with Mimikatz.yaml,Mimikatz Pass-the-hash login,4624
"win-os-user files dump via share (DonPapi, Lazagne).yaml","User files dump via network share (DonPapi, Lazagne)",5145
win-os-SMB insecure guest authentication activated (native).yaml,SMB insecure guest authentication activated (native),31018
win-os-login anonymous suspicious.yaml,Suspicious anonymous login (domain specified),4624
win-os-time changed (PowerShell).yaml,System time changed (PowerShell),
win-os-lateral movement detection (special groups).yaml,"Lateral movement detection (based on ""special groups"" feature)",4964
win-os-PSexec service install.yaml,PSexec service installation,
win-os-login anonymous (RottenPotatoNG).yaml,Anonymous login (RottenPotatoNG),
win-os-user creation related to Manic Menagerie (command).yaml,User enumeration and creation related to Manic Menagerie 2.0 (via cmdline),
win-os-new rights granted to an account.yaml,New rights granted to an account for privilege escalation,"[4717, 4704]"
win-os-DoT (DNS over TLS) activation (Reg via PowerShell).yaml,DoT (DNS over TLS) activation (PowerShell),
win-os-security package (SSP) reference added (Reg via command).yaml,Security package (SSP) added (Reg via command),
win-os-user enumeration (command).yaml,User properties enumeration via commandline,
win-os-SystemNightmare by GentilKiwi - new device added (native).yaml,SystemNightmare by GentilKiwi - New external device added (CVE-2021-1675 / CVE-2021-34527),6416
win-os-user creation (command).yaml,User creation via commandline,
win-os-payload encoded PowerShell deployed (command).yaml,Encoded PowerShell payload deployed via process execution,
win-os-procdump tool renamed and used for dumping LSASS process.yaml,Renamed Procdump tool used for dumping LSASS process,
win-os-payload encoded PowerShell deployed (PowerShell).yaml,Encoded PowerShell payload deployed (PowerShell),
win-os-backup Windows native size reconfiguration.yaml,Windows native backup size re-configuration,4688
win-os-hosts file accessed via network share.yaml,DNS hosts file accessed via network share,5145
win-os-group membership change (command).yaml,User added to a group via commandline,
win-os-Fortinet APT group abuse on Windows (user).yaml,Fortinet APT group abuse on Windows (user),4720
win-os-group discovery (PowerShell).yaml,Group discovery (PowerShell),
win-os-lateral movement by mounting a network share (command).yaml,Lateral movement by mounting a network share - net use (command),
win-os-winlogon process contact to C2 (network).yaml,Winlogon process contact to C2 - Blacklotus (Sysmon),
win-os-backup VSS deletion (WMI).yaml,VSS backup deletion (WMI),
win-os-print spooler bug discovery via named pipe.yaml,Discovery for print spooler bug abuse (NTLM hash retrivial) via named pipe,5145
win-os-SIP or trust provider registration.yaml,Suspicious SIP or trust provider registration,
win-os-share permission enumeration (CME).yaml,CrackMaxpExec share permission enumeration,
win-os-audit policy disabled or cleared (command).yaml,Audit policy disabled by command line,
win-os-sticky key failed sethc replacement.yaml,Sticky key sethc file failed replacement,4656
win-os-network proxy configuration changed (native).yaml,Network proxy configuration changed,
win-os-WMI spawning PowerShell process - WMImplant (process).yaml,WMI spwaning PowerShell process - WMImplant,4688
win-os-WMIexec via SMB admin share.yaml,Impacket WMIexec execution via SMB admin share,5145
win-os-exfiltration from vice society (PowerShell).yaml,Vice Society directory crawling script for data exfiltration (via ps_script),
win-os-sticky key changed (Reg via command).yaml,Stickey key IFEO (Reg via command),4688
win-os-certutil obfuscation - Tchopper.yaml,Certutil payload obfuscation - Tchopper (command),4688
win-os-netsh helper DLL registration abuse (Reg via Sysmon).yaml,Netsh helper DLL abuse (Reg via Sysmon),
win-os-time changed.yaml,System time changed,4616
win-os-Mimikatz driver registration (Reg via Sysmon).yaml,Mimikatz driver registration (Reg via Sysmon),
win-os-Guest account activated.yaml,Disabled guest or builtin account activated,4722
win-os-guest account activated (command).yaml,Disabled guest or builtin account activated (command),4688
win-os-registry backdoor permission change via WMI (DAMP).yaml,Backdoor introduction via registry permission change through WMI (DAMP),4674
win-os-backup VSS deletion or resize (command).yaml,VSS backup deletion or resize,
win-os-security package (SSP) from Mimikatz loaded for password exfiltration in file.yaml,Mimikatz malicious Security package (SSP) exfiltrates cleartext passwords in file,11
win-os-sticky key sethc command for replacement by CMD.yaml,Sticky key sethc command for replacement by CMD,4688
win-os-DCOMexec abuse via MMC (privilege).yaml,Impacket DCOMexec privilege abuse via MMC,4674
win-os-event log clear attempt (PowerShell).yaml,Event log clear attempt (PowerShell),
"win-os-named pipes reconnaissance via SMB (SharpHound, Pingcastle).yaml",SharpHound enumeration via SMB named pipes,5145
win-os-DCOM lateral movement via MMC (PowerShell).yaml,DCOM lateral movement (via MMC20),
win-os-payload encoded PowerShell deployed via service.yaml,Encoded PowerShell payload deployed via service,
win-os-privilege escalation via RunasCS.yaml,Privilege escalation via RunasCS,
win-os-hosts file modified.yaml,DNS hosts file modified,11
win-os-process termination-kill burst.yaml,Massive processes termination burst,
win-os-Wdigest (SSP) authentication activated (registry).yaml,Wdigest authentication enabled (registry),
win-os-WMI module loaded by suspicious process (CME).yaml,WMI module loaded by suspicious process,7
win-os-sticky key changed (Reg via Sysmon).yaml,Stickey key IFEO registry changed (Reg via Sysmon),
win-os-SMB outstanding connection increase (command).yaml,Number of oustanding SMB requests increased,
win-os-sticky key sethc file created from CMD copy.yaml,Sticky key file created from CMD copy,11
win-os-WMIexec execution (SYSMON).yaml,Impacket WMIexec process execution,
win-os-sticky key CMD execution (hash detection).yaml,Stickey key called CMD via command execution (hash detection),1
win-os-crash system behavior manipulation - WMImplant (registry).yaml,System crash behavior manipulation - WMImplant (registry),
win-os-SystemNightmare by GentilKiwi - external printer mapped (command).yaml,SystemNightmare by GentilKiwi - External printer mapped (CVE-2021-1675 / CVE-2021-34527),
win-os-sniffer native abuse (command).yaml,Windows traffic capture abuse,
win-os-printer file share creation (PrintNightMare).yaml,Shared printer creation (PrintNightmare vulnerability - CVE-2021-36958),"[5142, 5143]"
win-os-WMI event registration (PowerShell).yaml,WMI registration (PowerShell),
win-os-vault credentials accessed (native).yaml,Vault credentials manager accessed,5382
win-os-brutforce enumeration with unexisting users.yaml,Brutforce enumeration with non existing users (login),4625
win-os-password policy discovery (command).yaml,Password policy discovery via commandline,
win-os-event log clear attempt (command).yaml,Event log clear attempt (command),
"win-browser-credentials dump via network share (DonPapi, Lazagne).yaml","User browser credentials dump via network share (DonPapi, Lazagne)",5145
win-browser-Edge abuse to download payload via console.yaml,Edge abuse for payload download via console,4688
win-browser-Edge & Chrome abuse to download payload via console.yaml,Edge/Chrome headless feature abuse for payload download,4688
win-os-BITS high volume file downloaded (native).yaml,File with high volume downloaded via BITS,
win-os-BITS abuse for payload download (command).yaml,BITS payload downloaded via commandline,
win-os-BITS abuse for payload download (PowerShell).yaml,BITS payload downloaded via PowerShell,
win-os-firewall rule any-any created (firewall).yaml,Firewall rule any/any created,"[2004, 2005]"
win-os-firewall rule creation (command).yaml,Firewall rule creation (command),4688
win-os-firewall deactivation (PowerShell).yaml,Firewall deactivation (PowerShell),
win-os-firewall deactivation (deprecated command).yaml,Firewall deactivation (deprecated command),4688
win-os-firewall configuration enumerated (PowerShell).yaml,Firewall configuration enumerated (PowerShell),
win-os-firewall deactivation (firewall).yaml,Firewall deactivation (firewall),4950
win-os-firewall configuration enumerated (command).yaml,Firewall configuration enumerated (command),4688
win-os-firewall deactivation (modern command).yaml,Firewall deactivation (modern command),4688
win-os-firewall rule created by PowerShell-CMD (native).yaml,Firewall rule added using PowerShell or CMD,2004
win-dns-failed dns zone transfer.yaml,Failed DNS server zone transfer for enumeration purposes,6004
win-dns-ServerLevelPluginDLL registration (Reg via Sysmon).yaml,DLL ServerLevelPluginDll registration (Reg via Sysmon),
win-dns-member added to DnsAdmins group.yaml,Member added to DNSadmin group,"[4728, 4756, 4732]"
win-dns-ServerLevelPluginDLL load.yaml,"DLL ServerLevelPluginDll registration (""serverlevelplugindll"" feature abuse)","[770, 150]"
win-dns-ServerLevelPluginDLL installation (command).yaml,DLL ServerLevelPluginDll command installation,
win-ad-DSRM configuration changed (Reg via PowerShell).yaml,DSRM password changed (Reg via PowerShell),
win-ad-Kerberos AS-REP Roasting.yaml,Kerberos AS-REP Roasting ticket request detected,4768
win-ad-login with administrator forged Golden Ticket.yaml,Administrator login impersonation with forged Golden ticket,4624
win-ad-spn modification of a user account (Kerberoasting).yaml,Suspicious modification of a user account SPN to enable Kerberoast attack,5136
win-ad-spn enumeration (PowerShell).yaml,Suspicious SPN enumeration previous to Kerberoasting attack (PowerShell),
win-ad-SAM database access during DCshadow.yaml,Potential SAM database user credentials dumped with DCshadow,4661
win-ad-user set to use Kerberso DES encryption.yaml,Account set with Kerberos DES encryption activated (weakness introduction),4738
"win-ad-DPAPI attribute accessed (DCSync, Mimikatz, RiskySPN).yaml","Suspicious Active Directory DPAPI attributes accessed (Mimikatz, DCSync, RiskySPN)",4662
win-ad-local group enumeration (CME).yaml,Local domain group enumeration,4661
win-ad-spn modification of a computer account.yaml,Suspicious modification of a computer account SPN,4742
win-ad-domain group membership change (high risk).yaml,High risk Active Directory group membership change,"[4728, 4756]"
win-ad-password reset on a domain controller (Zero logon).yaml,Remote domain controller password reset (Zerologon),
win-ad-Kerberos unconstrained domain persistence.yaml,Rubeus Kerberos unconstrained delegation abuse,4769
win-ad-GPO permissions changed.yaml,Permissions changed on a Group Policy (GPO),5136
win-ad-SharpHound host enumeration over Kerberos.yaml,SharpHound host enumeration over Kerberos,4769
win-ad-Kerberos suspicious proxiable ticket.yaml,Suspicious Kerberos proxiable/S4U2self ticket (CVE-2021-42278/42287),4768
win-ad-Kerberos constrained delegation abuse (S4U2Proxy).yaml,Rubeus Kerberos constrained delegation abuse (S4U2Proxy),4769
win-ad-Kerberos constrained delegation settings changed (Rubeus) - Any protocol.yaml,Host constrained delegation settings changed for potential abuse (Rubeus) - Any protocol,4742
win-ad-user set with reversible password encryption.yaml,Account set with reversible encryption (weakness introduction),4738
win-ad-privilege SeMachineAccountPrivilege abuse.yaml,Privilege SeMachineAccountPrivilege abuse,4673
win-ad-computer account created by a computer account.yaml,Suspicious computer account created by a computer account,4741
win-ad-local-domain local group membership change (medium risk).yaml,Medium risk local/domain local group membership change,4732
win-ad-user account creation disguised in a computer account.yaml,User account creation disguised in a computer account,
win-ad-user renamed to admin to bypass vigilance.yaml,Account renamed to admin (or likely) account to evade defense,4781
win-ad-password domain policy enumeration.yaml,Domain password policy enumeration,4661
win-ad-user account created by a computer account.yaml,User account created by a computer account,4720
win-ad-SAM database user credentials dump with Mimikatz.yaml,SAM database user credentials dump with Mimikatz,4661
win-ad-adminsdholder permissions changed.yaml,AdminSDHolder permissions changed for persistence,5136
win-ad-group domain enumeration (CME).yaml,Domain group enumeration,4662
"win-ad-replication privilege granted (SecretDump, DCsync).yaml",Replication privileges granted to perform DCSync attack,5136
win-ad-Kerberos unconstrained delegation settings changed (Rubeus).yaml,Host unconstrained delegation settings changed for potential abuse (Rubeus),4742
win-ad-share access with administrator forged Golden Ticket.yaml,Shared folder access with forged Golden ticket,"[5140, 5145]"
win-ad-sensitive attributes accessed (DCshadow).yaml,Account accessed to attributes related to DCshadow,4662
win-ad-Kerberos key list attack.yaml,Kerberos key list attack for credential dumping,4769
win-ad-local-domain local group membership change (high risk).yaml,High risk local/domain local group membership change,4732
win-ad-computer account set for RBCD delegation.yaml,Computer account manipulation for delegation (RBCD),5136
win-ad-Kerberos ticket related to a potential Golden ticket.yaml,Kerberos TGS ticket request related to a potential Golden ticket,4768
win-ad-honeypot account discovery.yaml,Active Directory honeypot enumerated by a suspicious host (Bloodhound),4662
win-ad-spn enumeration (command).yaml,Suspicious SPN enumeration previous to Kerberoasting attack (native commands),
"win-ad-replication privilege accessed (SecretDump, DCsync).yaml",Replication privileges accessed to perform DCSync attack,4662
win-ad-user set with password not required.yaml,Account set with password not required (weakness introduction),4738
win-ad-PowerShell Active Directory Forest class called from a non admin host.yaml,Active Directory Forest PowerShell class called from a non administrative host,
win-ad-spn added to an account (command).yaml,SPN added to an account by command line,
win-ad-Kerberos enumeration with existing-unexsting users (Kerbrute).yaml,Kerberos enumeration with existing/unexisting users (Kerbrute),"[4771, 4768]"
win-ad-SAM sensitive domain user & groups enumeration.yaml,Sensitive SAM domain user & groups discovery (native),4661
win-ad-Kerberos constrained delegation settings changed (Rubeus) - Kerberos.yaml,Host constrained delegation settings changed for potential abuse (Rubeus) - Kerberos only,4742
win-ad-netsync attack.yaml,NetSYnc attack,
win-ad-group massive membership changes.yaml,Massive group membership changes detected,"[4728, 4756, 4732]"
win-ad-remote local group enumeration (SharpHound).yaml,Remote local admin group enumeration via SharpHound,4799
win-ad-computer account created with privileges.yaml,Computer account created with privileges,4741
win-ad-extended rights backdoor obfuscation (via localizationDisplayId attr.).yaml,Extended rights backdoor obfuscation (via localizationDisplayId attribute),5136
win-ad-GPO sensitive modified.yaml,Suspicious modification of a sensitive Group Policy (GPO),5136
win-ad-honeypot object usage detected.yaml,Active Directory honeypot used for lateral movement,"[4624, 4625, 4768, 4769, 4770, 4771, 5140, 5145]"
win-ad-user password change with setNTLM (Mimikatz).yaml,User password change without previous password known - SetNTLM (Mimikatz),
win-ad-kerberoast ticket detected.yaml,Kerberoast ticket request detected,4769
win-ad-Kerberos  brutforce enumeration with unexisting users.yaml,Brutforce enumeration with unexisting users (Kerberos),"[4771, 4768]"
win-ad-user password set to never expire.yaml,Account password set to never expire.,4738
win-ad-IFM created (command).yaml,IFM creation detected from commandline (installation from media),
win-ad-IFM created (native).yaml,IFM detected - ESENT (installation from media),"[325, 326, 327]"
win-ad-DSRM configuration changed (Reg via command).yaml,DSRM password changed (Reg via command),4688
win-ad-spn modification of a computer account (DCshadow) (Directory Services).yaml,Suspicious modification of a fake domain controller SPN (DCshadow) (Directory Services),5136
win-ad-user set as sensitive had protection removed.yaml,Account marked as sensitive and cannot be delegated had its protection removed (weakness introduction),4738
win-ad-user set with Kerberos pre-authentication not required (AS-REP Roasting).yaml,Account set with Kerberos pre-authentication not required (AS-REP Roasting),4738
win-ad-SAM domain users & groups massive enumeration.yaml,Massive SAM users/groups enumeration (native),4661
win-ad-gMSA password dump - GoldenGMSA.yaml,Group Managed Service Accounts password dump - GoldenGMSA,4662
win-ad-diskshadow abuse.yaml,Diskshadow command abuse to expose VSS backup,4688
win-ad-DSRM password changed.yaml,DSRM password changed (native),4794
win-ad-Kerberos krbtgt password reset (Golden ticket).yaml,Suspicious Kerberos password account reset to issue potential Golden ticket,4724
win-ad-spn modification of a computer account (DCshadow).yaml,Suspicious modification of a fake domain controller SPN (DCshadow),4742
win-ad-computer account modifying AD permissions.yaml,Computer account modifying Active Directory permissions,5136
win-ad-PowerShell Active Directory module called from a non administrative host.yaml,Active Directory PowerShell module called from a non administrative host,600
win-ad-domain group membership change (medium risk).yaml,Medium risk Active Directory group membership change,"[4728, 4756]"
win-ad-computer account renamed without a trailing $ (CVE-2021-42278).yaml,Computer account renamed without a trailing $ (CVE-2021-42278/42287),
win-os-service massive failures - Tchopper (native).yaml,Massive service failures - Tchopper,"[7000, 7009]"
win-os-service abuse with malicious ImagePath (Reg via PowerShell).yaml,Service abuse with malicious ImagePath (Reg via PowerShell),
win-os-service abuse with backdoored command failure (service).yaml,"Service abuse with backdoored ""command failure"" (service)",4688
win-os-service permissions modified (service).yaml,Service permissions hijacked for privileges abuse (service),
win-os-service deactivation (command).yaml,Service deactivation (command),
win-os-service creation SMBexec (native).yaml,Impacket SMBexec service registration (native),"[4697, 7045]"
win-os-service creation (PowerShell).yaml,Service creation (PowerShell),
win-os-service permissions modified (Reg via PowerShell).yaml,Service permissions hijacked for privileges abuse (Reg via PowerShell),
win-os-service abuse with backdoored command failure (Reg via PowerShell).yaml,"Service abuse with backdoored ""command failure"" (Reg via PowerShell)",
win-os-service abuse with malicious ImagePath (service).yaml,Service abuse with malicious ImagePath (service),
win-os-service permissions modified (Reg via command).yaml,Service permissions hijacked for privileges abuse (reg via command),4688
win-os-service creation (command).yaml,Service creation (command),
"win-os-service remote creation via named pipes (CME, Tchopper).yaml","Massive remote service creation via named pipes (TChopper, CME)",5145
win-os-service abuse with backdoored command failure (Reg via command).yaml,"Service abuse with backdoored ""command failure"" (Reg via command)",4688
win-os-service termination burst.yaml,Massive services termination burst,
win-os-service massive remote creation via named pipes - Tchopper (native).yaml,Massive remote service creation via named pipes - Tchopper,5145
win-os-service remote creation via named pipes.yaml,Remote service creation via named pipes,5145
win-os-service creation SMBexec (registry).yaml,Impacket SMBexec service creation (registry),
win-os-service abuse with malicious ImagePath (Reg via command).yaml,Service abuse with malicious ImagePath (Reg via command),4688
win-os-service KrbRelay deployed (native).yaml,KrbRelayUp service installation (native),7045
win-os-service massive installation- Tchopper (native).yaml,Massive service installation - Tchopper,7045
win-os-service deletion burst.yaml,Massive services deletion burst,
win-os-service permissions modified (PowerShell).yaml,Service permissions hijacked for privileges abuse (PowerShell),
sql_server-brutforce enumeration with unexisting users.yaml,SQL Server - Brutforce enumeration with non existing users (login),33205
sql_server-SQL Server started in single mode (command).yaml,SQL Server started in single mode (command),4688
sql_server-new member added to a server role.yaml,SQL Server - new member added to a server role,33205
sql_server-MSF reverse shell exploit.yaml,Metasploit reverse shell injection in SQL Server,
sql_server-member got new privileges on a database.yaml,SQL Server - Member got new privileges added on a database,33205
sql_server-default SA admin user enabled.yaml,SQL SA admin user enabled,33205
sql_server-auditing capacities deactivated.yaml,SQL Server auditing deactivated,
sql_server-table enumeration.yaml,SQL Server database's table enumeration,
sql_server-member got new privileges on a SQL instance.yaml,SQL Server - Member got new privileges added on a SQL instance level,33205
sql_server-new member added to a database role.yaml,SQL Server - new member added to a database role,33205
sql_server-database auditing capacities deactivated.yaml,SQL Server database auditing deactivated,
sql_server-xp_cmdshell activated.yaml,SQL Server xp_cmdshell activation (native event),
sql_server-sqlcmd and osql tools abuse.yaml,SQL server sqlcmd utility abuse for privilege escalation,
sql_server-lateral movement via CLR.yaml,SQL Server lateral movement with CLR activation,15457
sql_server-SQL Server DAC mode activated.yaml,SQL Server Dedicated Admin Connection (DAC) mode activated (native),15457
sql_server-failed login with disabled user.yaml,SQL Server - Connection attempt using a disabled account,18470
sql_server-SQL Server DAC mode activity.yaml,SQL Server Dedicated Admin Connection (DAC) suspicious activity,"[17199, 17200, 17201, 17202, 17810]"
win-os-cmd shell via serial cable (command).yaml,Serial console process spawning CMD shell (via command),
win-os-AD Connect credentials dump via network share.yaml,Azure Active Directory Connect credentials dump via network share,5145
win-os-local group enumeration via Azure Virtual machine recovery tool.yaml,Local group enumeration triggered by Azure Virtual machine recovery tool,4799
win-os-login via Azure serial console.yaml,Azure Windows virtual machine login via serial console,4624
win-ocsp-security settings changed.yaml,OCSP responder security settings changed,5124
win-iis-web module loaded - gacutil (command).yaml,Webserver IIS module installed (command),
win-iis-web module loaded via GAC manipulation (PowerShell).yaml,Webserver IIS module installed via GAC manipulation (PowerShell),
win-iis-web module loaded (PowerShell).yaml,Webserver IIS module installed (PowerShell),
win-iis-configuration file harvesting (command).yaml,IIS Application Pool credential dumping,
win-iis-web module loaded - appcmd (command).yaml,Webserver IIS module installed (command),
win-iis-web server configuration file changed (SYSMON).yaml,Webserver IIS configuration edited (SYSMON),11
win-os-BitLocker feature configuration (Reg via command).yaml,BitLocker feature configuration (Reg via command),
win-os-BitLocker feature activation (PowerShell).yaml,BitLocker server feature activation (PowerShell),
win-os-BitLocker massive feature activation (native).yaml,BitLocker feature activation on multiple hosts (native),"[768, 775]"
azure-exchange-email forwarding to external domain.yaml,Office 365 email forwarding rule to external domain,
azure-exchange-email rule disapearence.yaml,Office 365 disapearence email rule,
azure-active-directory-new federated trust added.yaml,Active Directory federated trust added,
win-exchange-group membership change (high risk).yaml,New member added to an Exchange administration group (high risk),"[4728, 4756, 4732]"
win-exchange-transport agent artifact (native).yaml,Exchange transport agent installation artifacts (native),"[1, 6]"
win-exchange-computer account modifying AD permissions (PrivExchange).yaml,Computer account modifying Active Directory permissions (PrivExchange),5136
win-exchange-transport agent artifact (PowerShell).yaml,Exchange transport agent installation artifacts (PowerShell),
win-exchange-group membership change (medium risk).yaml,New member added to an Exchange administration group (medium risk),"[4728, 4756, 4732]"
win-exchange-group change DCsync attack.yaml,Exchange group membership change to perform DCsync attack,"[4728, 4756, 4732]"
win-exchange-PrivExchange impersonation detected.yaml,Exchange server impersonation via PrivExchange relay attack,4624
win-os-scheduled task remote creation via named pipes (CME-ATexec).yaml,Massive remote schedule task creation via named pipes (CrackMapExec with ATexec),5145
win-os-Fortinet APT group abuse on Windows (task).yaml,Fortinet APT group abuse on Windows (task),4698
"win-os-scheduled task triggers interactive shell (at, deprecated).yaml",Interactive privileged shell triggered by schedule task (deprecated),4688
win-os-scheduled task remote creation via named pipes (ATexec).yaml,Remote schedule task creation via named pipes (ATexec),5145
win-os-scheduled task creation (command).yaml,Scheduled task creation with command line,
win-os-scheduled task fastly created and deleted.yaml,Scheduled task created and deleted fastly (ATexec.py),
win-os-scheduled persistent task creation (command).yaml,Scheduled persistent task with SYSTEM privileges creation,4688
win-os-scheduled task enumeration (command).yaml,Scheduled task enumerated,4688
win-rdp-shadow session started (native).yaml,RDP shadow session started (native),"[20503, 20504, 20508]"
win-rdp-tunneling detected (native).yaml,RDP tunneling detected,1149
win-rdp-session hijack (TSCON) (service).yaml,RDP session hijack via service creation abuse,
win-rdp-reconnaissance with valid credentials performed to multiple hosts.yaml,RDP reconnaissance with valid credentials performed on multiple hosts,1149
win-rdp-discovery performed on multiple hosts.yaml,RDP discovery performed on multiple hosts,131
win-rdp-session hijack (TSCON) (command).yaml,RDP session hijack via TSCON abuse command,4688
win-rdp-shadow session started (command).yaml,RDP shadow session started (command),4688
win-rdp-tunneling ngrok detected (native).yaml,RDP tunneling via ngrok detected,
win-rdp-login denied with valid credentials.yaml,Denied RDP login with valid credentials,4825
win-rdp-tunneling configuration enabled for port forwarding (command).yaml,RDP tunneling configuration enabled for port forwarding,
win-rdp-bluekeep connection closed.yaml,RDP BlueeKeep connection closed (CVE-2019-0708),148
win-rdp-shadow configuration enabled (Reg via Sysmon).yaml,RDP shadow session configuration enabled (registry),
win-os-LSASS credential dump with LSASSY (PowerShell).yaml,LSASS credential dump with LSASSY (PowerShell),
win-os-LSASS dump indicator via Task Manager access.yaml,Task Manager access indicator for potential LSASS dump,
win-os-LSASS credentials dump via Task Manager (file).yaml,LSASS credentials dump via Task Manager (file),
win-os-LSASS credential dump with LSASSY (process).yaml,LSASS credential dump with LSASSY (process),
win-os-LSASS process accessed by a non system account.yaml,LSASS process dump by a non system account,"[4656, 4663]"
win-os-LSASS credential dump with LSASSY (kernel).yaml,LSASS credential dump with LSASSY (kernel access),"[4656, 4663]"
win-os-LSASS credential dump via process access.yaml,LSASS dump via process access,10
win-os-LSASS dump via Task Manager (kernel).yaml,Task Manager used for LSASS dump (kernel),4663
win-os-LSASS credential dump with LSASSY (share).yaml,LSASS credential dump with LSASSY (admin share),5145
win-os-Linux Subsystem (WSL) installation (PowerShell).yaml,Windows Subsystem for Linux (WSL) installation (PowerShell),
win-os-Linux Subsystem (WSL) installation (command).yaml,Windows Subsystem for Linux (WSL) installation (command),
win-os-Linux Subsystem (WSL) installation (native).yaml,Windows Subsystem for Linux (WSL) package turned on (native),9
win-os-OpenSSH success login.yaml,Success login attempt on a Windows OpenSSH server,4624
win-os-OpenSSH server firewall configuration (PowerShell).yaml,OpenSSH server firewall configuration on Windows (PowerShell),
win-os-OpenSSH feature installation (PowerShell).yaml,OpenSSH native server feature installation,
win-os-OpenSSH brutforce enumeration with unexisting users.yaml,Brutforce enumeration on Windows OpenSSH server with non existing user,4625
win-os-OpenSSH server listening.yaml,OpenSSH server listening on socket,4
win-os-OpenSSH server firewall configuration (command).yaml,OpenSSH server firewall configuration on Windows (command),4688
win-os-OpenSSH service activation (PowerShell).yaml,OpenSSH service activation on Windows,
win-os-OpenSSH server firewall configuration (firewall).yaml,OpenSSH server firewall configuration on Windows (firewall),2004
win-os-NTFS hard link creation (native).yaml,NTFS hard link creation,4664
win-os-NTFS symbolic link configuration changed (command).yaml,NTFS symbolic link configuration change,
win-os-NTFS symbolic link creation (command).yaml,NTFS symbolic link creation,
win-skype-group membership change (high risk).yaml,"New member added to an ""OCS/Lync/Skype for Business"" administration group (high risk)","[4728, 4756, 4732]"
win-skype-group membership change (low risk).yaml,"New member added to a ""OCS/Lync/Skype for Business"" administration group (low risk)","[4728, 4756, 4732]"
win-skype-group membership change (medium risk).yaml,"New member added to a ""OCS/Lync/Skype for Business"" administration group (medium risk)","[4728, 4756, 4732]"
