Titre,EventID
WinRS usage for remote execution,
WinRM listening service reconnaissance (process),
WinRM listening service reconnaissance (WS-Management),4656
Microsoft Defender signatures not up to date,
Microsoft Defender default action changed to allow any threat (PowerShell),
Microsoft Defender critical security components disabled (command),4688
Microsoft Defender threat exclusion added (PowerShell),
Microsoft Defender real time protection failure (native),3002
Microsoft Defender massive virus outbreach,1116
Microsoft Defender threat exclusion added (native),5007
Microsoft Defender security components disabled (PowerShell),
Microsoft Defender service components status disabled (Registry via Sysmon),13
Microsoft Defender service deactivation attempt (command),
Microsoft Defender default action changed to allow any threat (command),4688
Microsoft Defender massive host infection,1116
Microsoft Defender critical security components disabled (PowerShell),
Microsoft Defender security components disabled (command),4688
Domain group membership change,
Event log deactivation or size reduction (command),
Mimispool printer driver installation (PrintNightmare vulnerability - CVE-2021-36958),
Audit policy disabled by command line,4719
DoT (DNS over TLS) activation (command),
Mimikatz driver deployed via service,"[4697, 7045]"
Network share manipulation via commandline,4688
NTLM downgrade attack (Reg via SYSMON),
SMB admin share accessed,"[5140, 5145]"
Netsh helper DLL abuse (process),4688
Obfuscated payload transfered via service name - Tchopper (command),4688
Spool process spawned a CMD shell (PrintNightmare vulnerability - CVE-2021-36958),
Impacket DCOMexec process abuse via MMC,
Stickey key called CMD via command execution,
Group discovery (command),
Local group membership change,
Privilege escalation via runas (command),
Certutil payload obfuscation (command),
Network login performed to multiple targets,4624
Payload downloaded via PowerShell,
Audit policy enumerated,
Windows native backup deletion,
Brutforce on Windows OpenSSH server with valid users,4625
New network file share created,5142
Remote shell execution via SMB admin share,5145
"User application credentials dump via network share (DonPapi, Lazagne)",
PSexec execution over SMB share,5145
Brutforce with denied access due to account restrictions policies,4625
Print spooler privilege escalation via printer added (CVE-2020-1048),
Event log cleared (native),"[1102, 104]"
Secretdump password dumping via SMB admin share,5145
Anonymous access performed to multiple targets,4624
PipeShell exfiltration over named pipes,
Certutil payload download (command),
Wdigest authentication enabled (Reg via command),
WMI registration,"[19, 20, 21]"
SearchIndexer suspicious process activity,
Hidden account creation (with fast deletion),
Certutil root certificate installation,
Vault credentials manager accessed,
Network share discovery and/or connection via commandline,
PSexec application execution,
Event log clear attempt (wmi),
Credentials (protected by DPAPI) dump via network share,5145
Security package (SSP) loaded into LSA (native),4622
Windows native Pktmon sniffer abuse,
VSS backup deletion via WMI (Powershell),
Mimikatz Pass-the-hash login,4624
"User files dump via network share (DonPapi, Lazagne)",5145
SMB insecure guest authentication activated (native),31018
Suspicious anonymous login (domain specified),4624
System time changed (PowerShell),
"Lateral movement detection (based on ""special groups"" feature)",4964
PSexec service installation,
Anonymous login (RottenPotatoNG),
User enumeration and creation related to Manic Menagerie 2.0 (via cmdline),
New rights granted to an account for privilege escalation,"[4717, 4704]"
DoT (DNS over TLS) activation (PowerShell),
Security package (SSP) added (Reg via command),
User properties enumeration via commandline,
SystemNightmare by GentilKiwi - New external device added (CVE-2021-1675 / CVE-2021-34527),6416
User creation via commandline,
Encoded PowerShell payload deployed via process execution,
Renamed Procdump tool used for dumping LSASS process,
Encoded PowerShell payload deployed (PowerShell),
Windows native backup size re-configuration,4688
DNS hosts file accessed via network share,5145
User added to a group via commandline,
Fortinet APT group abuse on Windows (user),4720
Group discovery (PowerShell),
Lateral movement by mounting a network share - net use (command),
Winlogon process contact to C2 - Blacklotus (Sysmon),
VSS backup deletion (WMI),
Discovery for print spooler bug abuse (NTLM hash retrivial) via named pipe,5145
Suspicious SIP or trust provider registration,
CrackMaxpExec share permission enumeration,
Audit policy disabled by command line,
Sticky key sethc file failed replacement,4656
Network proxy configuration changed,
WMI spwaning PowerShell process - WMImplant,
Impacket WMIexec execution via SMB admin share,5145
Vice Society directory crawling script for data exfiltration (via ps_script),
Stickey key IFEO (Reg via command),4688
Certutil payload obfuscation - Tchopper (command),4688
Netsh helper DLL abuse (Reg via Sysmon),
System time changed,4616
Mimikatz driver registration (Reg via Sysmon),
Disabled guest or builtin account activated,
Disabled guest or builtin account activated (command),4688
Backdoor introduction via registry permission change through WMI (DAMP),4674
VSS backup deletion or resize,
Mimikatz malicious Security package (SSP) exfiltrates cleartext passwords in file,11
Sticky key sethc command for replacement by CMD,4688
Impacket DCOMexec privilege abuse via MMC,4674
Event log clear attempt (PowerShell),
SharpHound enumeration via SMB named pipes,5145
DCOM lateral movement (via MMC20),
Encoded PowerShell payload deployed via service,
Privilege escalation via RunasCS,
DNS hosts file modified,11
Massive processes termination burst,
Wdigest authentication enabled (registry),
WMI module loaded by suspicious process,7
Stickey key IFEO registry changed (Reg via Sysmon),
Number of oustanding SMB requests increased,
Sticky key file created from CMD copy,11
Impacket WMIexec process execution,
Stickey key called CMD via command execution (hash detection),1
System crash behavior manipulation - WMImplant (registry),
SystemNightmare by GentilKiwi - External printer mapped (CVE-2021-1675 / CVE-2021-34527),
Windows traffic capture abuse,
Shared printer creation (PrintNightmare vulnerability - CVE-2021-36958),"[5142, 5143]"
WMI registration (PowerShell),
Vault credentials manager accessed,5382
Brutforce enumeration with non existing users (login),4625
Password policy discovery via commandline,
Event log clear attempt (command),
"User browser credentials dump via network share (DonPapi, Lazagne)",
Edge abuse for payload download via console,4688
Edge/Chrome headless feature abuse for payload download,4688
File with high volume downloaded via BITS,
BITS payload downloaded via commandline,
BITS payload downloaded via PowerShell,
Firewall rule any/any created,
Firewall rule creation (command),
Firewall deactivation (PowerShell),
Firewall deactivation (deprecated command),
Firewall configuration enumerated (PowerShell),
Firewall deactivation (firewall),
Firewall configuration enumerated (command),
Firewall deactivation (modern command),
Firewall rule added using PowerShell or CMD,2004
Failed DNS server zone transfer for enumeration purposes,6004
DLL ServerLevelPluginDll registration (Reg via Sysmon),
Member added to DNSadmin group,"[4728, 4756, 4732]"
"DLL ServerLevelPluginDll registration (""serverlevelplugindll"" feature abuse)","[770, 150]"
DLL ServerLevelPluginDll command installation,
DSRM password changed (Reg via PowerShell),
Kerberos AS-REP Roasting ticket request detected,4768
Administrator login impersonation with forged Golden ticket,4624
Suspicious modification of a user account SPN to enable Kerberoast attack,5136
Suspicious SPN enumeration previous to Kerberoasting attack (PowerShell),
Potential SAM database user credentials dumped with DCshadow,4661
Account set with Kerberos DES encryption activated (weakness introduction),4738
"Suspicious Active Directory DPAPI attributes accessed (Mimikatz, DCSync, RiskySPN)",4662
Local domain group enumeration,4661
Suspicious modification of a computer account SPN,4742
High risk Active Directory group membership change,"[4728, 4756]"
Remote domain controller password reset (Zerologon),
Rubeus Kerberos unconstrained delegation abuse,4769
Permissions changed on a Group Policy (GPO),5136
SharpHound host enumeration over Kerberos,4769
Suspicious Kerberos proxiable/S4U2self ticket (CVE-2021-42278/42287),4768
Rubeus Kerberos constrained delegation abuse (S4U2Proxy),4769
Host constrained delegation settings changed for potential abuse (Rubeus) - Any protocol,4742
Account set with reversible encryption (weakness introduction),4738
Privilege SeMachineAccountPrivilege abuse,4673
Suspicious computer account created by a computer account,4741
Medium risk local/domain local group membership change,4732
User account creation disguised in a computer account,
Account renamed to admin (or likely) account to evade defense,
Domain password policy enumeration,4661
User account created by a computer account,4720
SAM database user credentials dump with Mimikatz,4661
AdminSDHolder permissions changed for persistence,5136
Domain group enumeration,4662
Replication privileges granted to perform DCSync attack,5136
Host unconstrained delegation settings changed for potential abuse (Rubeus),4742
Shared folder access with forged Golden ticket,"[5140, 5145]"
Account accessed to attributes related to DCshadow,4662
Kerberos key list attack for credential dumping,4769
High risk local/domain local group membership change,4732
Computer account manipulation for delegation (RBCD),5136
Kerberos TGS ticket request related to a potential Golden ticket,4768
Active Directory honeypot enumerated by a suspicious host (Bloodhound),4662
Suspicious SPN enumeration previous to Kerberoasting attack (native commands),
Replication privileges accessed to perform DCSync attack,4662
Account set with password not required (weakness introduction),4738
Active Directory Forest PowerShell class called from a non administrative host,
SPN added to an account by command line,
Kerberos enumeration with existing/unexisting users (Kerbrute),"[4771, 4768]"
Sensitive SAM domain user & groups discovery (native),4661
Host constrained delegation settings changed for potential abuse (Rubeus) - Kerberos only,4742
NetSYnc attack,
Massive group membership changes detected,"[4728, 4756, 4732]"
Remote local admin group enumeration via SharpHound,4799
Computer account created with privileges,4741
Extended rights backdoor obfuscation (via localizationDisplayId attribute),5136
Suspicious modification of a sensitive Group Policy (GPO),5136
Active Directory honeypot used for lateral movement,"[4624, 4625, 4768, 4769, 4770, 4771, 5140, 5145]"
User password change without previous password known - SetNTLM (Mimikatz),
Kerberoast ticket request detected,4769
Brutforce enumeration with unexisting users (Kerberos),"[4771, 4768]"
Account password set to never expire.,4738
IFM creation detected from commandline (installation from media),
IFM detected - ESENT (installation from media),"[325, 326, 327]"
DSRM password changed (Reg via command),4688
Suspicious modification of a fake domain controller SPN (DCshadow) (Directory Services),5136
Account marked as sensitive and cannot be delegated had its protection removed (weakness introduction),4738
Account set with Kerberos pre-authentication not required (AS-REP Roasting),4738
Massive SAM users/groups enumeration (native),4661
Group Managed Service Accounts password dump - GoldenGMSA,4662
Diskshadow command abuse to expose VSS backup,4688
DSRM password changed (native),4794
Suspicious Kerberos password account reset to issue potential Golden ticket,4724
Suspicious modification of a fake domain controller SPN (DCshadow),4742
Computer account modifying Active Directory permissions,5136
Active Directory PowerShell module called from a non administrative host,600
Medium risk Active Directory group membership change,"[4728, 4756]"
Computer account renamed without a trailing $ (CVE-2021-42278/42287),
Massive service failures - Tchopper,"[7000, 7009]"
Service abuse with malicious ImagePath (Reg via PowerShell),
"Service abuse with backdoored ""command failure"" (service)",4688
Service permissions hijacked for privileges abuse (service),
Service deactivation (command),
Impacket SMBexec service registration (native),"[4697, 7045]"
Service creation (PowerShell),
Service permissions hijacked for privileges abuse (Reg via PowerShell),
"Service abuse with backdoored ""command failure"" (Reg via PowerShell)",
Service abuse with malicious ImagePath (service),
Service permissions hijacked for privileges abuse (reg via command),4688
Service creation (command),
"Massive remote service creation via named pipes (TChopper, CME)",5145
"Service abuse with backdoored ""command failure"" (Reg via command)",4688
Massive services termination burst,
Massive remote service creation via named pipes - Tchopper,5145
Remote service creation via named pipes,5145
Impacket SMBexec service creation (registry),
Service abuse with malicious ImagePath (Reg via command),4688
KrbRelayUp service installation (native),7045
Massive service installation - Tchopper,7045
Massive services deletion burst,
Service permissions hijacked for privileges abuse (PowerShell),
SQL Server - Brutforce enumeration with non existing users (login),33205
SQL Server started in single mode (command),4688
SQL Server - new member added to a server role,33205
Metasploit reverse shell injection in SQL Server,
SQL Server - Member got new privileges added on a database,33205
SQL SA admin user enabled,33205
SQL Server auditing deactivated,
SQL Server database's table enumeration,
SQL Server - Member got new privileges added on a SQL instance level,33205
SQL Server - new member added to a database role,33205
SQL Server database auditing deactivated,
SQL Server xp_cmdshell activation (native event),
SQL server sqlcmd utility abuse for privilege escalation,
SQL Server lateral movement with CLR activation,15457
SQL Server Dedicated Admin Connection (DAC) mode activated (native),15457
SQL Server - Connection attempt using a disabled account,
SQL Server Dedicated Admin Connection (DAC) suspicious activity,"[17199, 17200, 17201, 17202, 17810]"
Serial console process spawning CMD shell (via command),
Azure Active Directory Connect credentials dump via network share,5145
Local group enumeration triggered by Azure Virtual machine recovery tool,4799
Azure Windows virtual machine login via serial console,4624
OCSP responder security settings changed,5124
Webserver IIS module installed (command),
Webserver IIS module installed via GAC manipulation (PowerShell),
Webserver IIS module installed (PowerShell),
IIS Application Pool credential dumping,
Webserver IIS module installed (command),
Webserver IIS configuration edited (SYSMON),11
BitLocker feature configuration (Reg via command),
BitLocker server feature activation (PowerShell),
BitLocker feature activation on multiple hosts (native),"[768, 775]"
Office 365 email forwarding rule to external domain,
Office 365 disapearence email rule,
Active Directory federated trust added,
New member added to an Exchange administration group (high risk),"[4728, 4756, 4732]"
Exchange transport agent installation artifacts (native),"[1, 6]"
Computer account modifying Active Directory permissions (PrivExchange),5136
Exchange transport agent installation artifacts (PowerShell),
New member added to an Exchange administration group (medium risk),"[4728, 4756, 4732]"
Exchange group membership change to perform DCsync attack,"[4728, 4756, 4732]"
Exchange server impersonation via PrivExchange relay attack,4624
Massive remote schedule task creation via named pipes (CrackMapExec with ATexec),5145
Fortinet APT group abuse on Windows (task),4698
Interactive privileged shell triggered by schedule task (deprecated),4688
Remote schedule task creation via named pipes (ATexec),5145
Scheduled task creation with command line,
Scheduled task created and deleted fastly (ATexec.py),
Scheduled persistent task with SYSTEM privileges creation,4688
Scheduled task enumerated,4688
RDP shadow session started (native),"[20503, 20504, 20508]"
RDP tunneling detected,1149
RDP session hijack via service creation abuse,
RDP reconnaissance with valid credentials performed on multiple hosts,1149
RDP discovery performed on multiple hosts,131
RDP session hijack via TSCON abuse command,4688
RDP shadow session started (command),4688
RDP tunneling via ngrok detected,
Denied RDP login with valid credentials,4825
RDP tunneling configuration enabled for port forwarding,
RDP BlueeKeep connection closed (CVE-2019-0708),148
RDP shadow session configuration enabled (registry),
LSASS credential dump with LSASSY (PowerShell),
Task Manager access indicator for potential LSASS dump,
LSASS credentials dump via Task Manager (file),
LSASS credential dump with LSASSY (process),
LSASS process dump by a non system account,"[4656, 4663]"
LSASS credential dump with LSASSY (kernel access),"[4656, 4663]"
LSASS dump via process access,10
Task Manager used for LSASS dump (kernel),4663
LSASS credential dump with LSASSY (admin share),5145
Windows Subsystem for Linux (WSL) installation (PowerShell),
Windows Subsystem for Linux (WSL) installation (command),
Windows Subsystem for Linux (WSL) package turned on (native),9
Success login attempt on a Windows OpenSSH server,
OpenSSH server firewall configuration on Windows (PowerShell),
OpenSSH native server feature installation,
Brutforce enumeration on Windows OpenSSH server with non existing user,4625
OpenSSH server listening on socket,4
OpenSSH server firewall configuration on Windows (command),
OpenSSH service activation on Windows,
OpenSSH server firewall configuration on Windows (firewall),
NTFS hard link creation,4664
NTFS symbolic link configuration change,
NTFS symbolic link creation,
"New member added to an ""OCS/Lync/Skype for Business"" administration group (high risk)","[4728, 4756, 4732]"
"New member added to a ""OCS/Lync/Skype for Business"" administration group (low risk)","[4728, 4756, 4732]"
"New member added to a ""OCS/Lync/Skype for Business"" administration group (medium risk)","[4728, 4756, 4732]"
