Nom du fichier,EventID
win-winrm-listening service reconnaissance (object access).yaml,4656
defender-host signatures outdated (limited).yaml,1151
defender-critical security components disabled (command).yaml,4688
defender-real time protection failure (native).yaml,3002
defender-massive threat outbreach.yaml,1116
defender-threat exclusion added (native).yaml,5007
defender-service components disabled (Reg via Sysmon).yaml,13
defender-default action allow any threat (command).yaml,4688
defender-host massively infected.yaml,1116
defender-security components disabled (command).yaml,4688
win-os-audit policy disabled (native).yaml,4719
win-os-Mimikatz driver deployed via service.yaml,"[4697, 7045]"
win-os-share manipulation (command).yaml,4688
win-os-share admin$ accessed via SMB.yaml,"[5140, 5145]"
win-os-netsh helper DLL registration abuse (command).yaml,4688
win-os-payload obfuscated transfer via service name - Tchopper (command).yaml,4688
win-os-DCOMexec abuse via MMC (command).yaml,4688
win-os-login authenticated on multiple hosts.yaml,4624
win-os-brutforce attempt with valid user (OpenSSH).yaml,4625
win-os-share network file created.yaml,5142
win-os-remote shell execution via SMB admin share.yaml,5145
"win-os-user application credentials dump via share (DonPapi, Lazagne).yaml",5145
win-os-PSexec remote execution via SMB.yaml,5145
win-os-brutforce with denied access due to account restrictions.yaml,4625
win-os-event log cleared (native).yaml,"[1102, 104]"
win-os-impacket secret dump via SMB admin share.yaml,5145
win-os-login with anonymous access on multiple hosts.yaml,4624
win-os-WMI event registration.yaml,"[19, 20, 21]"
win-os-dump credentials (protected with DPAPI) via network share.yaml,5145
win-os-security package (SSP) loaded into LSA (native).yaml,4622
win-os-Pass-the-hash login with Mimikatz.yaml,4624
"win-os-user files dump via share (DonPapi, Lazagne).yaml",5145
win-os-SMB insecure guest authentication activated (native).yaml,31018
win-os-login anonymous suspicious.yaml,4624
win-os-lateral movement detection (special groups).yaml,4964
win-os-new rights granted to an account.yaml,"[4717, 4704]"
win-os-SystemNightmare by GentilKiwi - new device added (native).yaml,6416
win-os-backup Windows native size reconfiguration.yaml,4688
win-os-hosts file accessed via network share.yaml,5145
win-os-Fortinet APT group abuse on Windows (user).yaml,4720
win-os-print spooler bug discovery via named pipe.yaml,5145
win-os-sticky key failed sethc replacement.yaml,4656
win-os-WMI spawning PowerShell process - WMImplant (process).yaml,4688
win-os-WMIexec via SMB admin share.yaml,5145
win-os-sticky key changed (Reg via command).yaml,4688
win-os-certutil obfuscation - Tchopper.yaml,4688
win-os-time changed.yaml,4616
win-os-Guest account activated.yaml,4722
win-os-guest account activated (command).yaml,4688
win-os-registry backdoor permission change via WMI (DAMP).yaml,4674
win-os-security package (SSP) from Mimikatz loaded for password exfiltration in file.yaml,11
win-os-sticky key sethc command for replacement by CMD.yaml,4688
win-os-DCOMexec abuse via MMC (privilege).yaml,4674
"win-os-named pipes reconnaissance via SMB (SharpHound, Pingcastle).yaml",5145
win-os-hosts file modified.yaml,11
win-os-WMI module loaded by suspicious process (CME).yaml,7
win-os-sticky key sethc file created from CMD copy.yaml,11
win-os-sticky key CMD execution (hash detection).yaml,1
win-os-printer file share creation (PrintNightMare).yaml,"[5142, 5143]"
win-os-vault credentials accessed (native).yaml,5382
win-os-brutforce enumeration with unexisting users.yaml,4625
"win-browser-credentials dump via network share (DonPapi, Lazagne).yaml",5145
win-browser-Edge abuse to download payload via console.yaml,4688
win-browser-Edge & Chrome abuse to download payload via console.yaml,4688
win-os-firewall rule any-any created (firewall).yaml,"[2004, 2005]"
win-os-firewall rule creation (command).yaml,4688
win-os-firewall deactivation (deprecated command).yaml,4688
win-os-firewall deactivation (firewall).yaml,4950
win-os-firewall configuration enumerated (command).yaml,4688
win-os-firewall deactivation (modern command).yaml,4688
win-os-firewall rule created by PowerShell-CMD (native).yaml,2004
win-dns-failed dns zone transfer.yaml,6004
win-dns-member added to DnsAdmins group.yaml,"[4728, 4756, 4732]"
win-dns-ServerLevelPluginDLL load.yaml,"[770, 150]"
win-ad-Kerberos AS-REP Roasting.yaml,4768
win-ad-login with administrator forged Golden Ticket.yaml,4624
win-ad-spn modification of a user account (Kerberoasting).yaml,5136
win-ad-SAM database access during DCshadow.yaml,4661
win-ad-user set to use Kerberso DES encryption.yaml,4738
"win-ad-DPAPI attribute accessed (DCSync, Mimikatz, RiskySPN).yaml",4662
win-ad-local group enumeration (CME).yaml,4661
win-ad-spn modification of a computer account.yaml,4742
win-ad-domain group membership change (high risk).yaml,"[4728, 4756]"
win-ad-Kerberos unconstrained domain persistence.yaml,4769
win-ad-GPO permissions changed.yaml,5136
win-ad-SharpHound host enumeration over Kerberos.yaml,4769
win-ad-Kerberos suspicious proxiable ticket.yaml,4768
win-ad-Kerberos constrained delegation abuse (S4U2Proxy).yaml,4769
win-ad-Kerberos constrained delegation settings changed (Rubeus) - Any protocol.yaml,4742
win-ad-user set with reversible password encryption.yaml,4738
win-ad-privilege SeMachineAccountPrivilege abuse.yaml,4673
win-ad-computer account created by a computer account.yaml,4741
win-ad-local-domain local group membership change (medium risk).yaml,4732
win-ad-user renamed to admin to bypass vigilance.yaml,4781
win-ad-password domain policy enumeration.yaml,4661
win-ad-user account created by a computer account.yaml,4720
win-ad-SAM database user credentials dump with Mimikatz.yaml,4661
win-ad-adminsdholder permissions changed.yaml,5136
win-ad-group domain enumeration (CME).yaml,4662
"win-ad-replication privilege granted (SecretDump, DCsync).yaml",5136
win-ad-Kerberos unconstrained delegation settings changed (Rubeus).yaml,4742
win-ad-share access with administrator forged Golden Ticket.yaml,"[5140, 5145]"
win-ad-sensitive attributes accessed (DCshadow).yaml,4662
win-ad-Kerberos key list attack.yaml,4769
win-ad-local-domain local group membership change (high risk).yaml,4732
win-ad-computer account set for RBCD delegation.yaml,5136
win-ad-Kerberos ticket related to a potential Golden ticket.yaml,4768
win-ad-honeypot account discovery.yaml,4662
"win-ad-replication privilege accessed (SecretDump, DCsync).yaml",4662
win-ad-user set with password not required.yaml,4738
win-ad-Kerberos enumeration with existing-unexsting users (Kerbrute).yaml,"[4771, 4768]"
win-ad-SAM sensitive domain user & groups enumeration.yaml,4661
win-ad-Kerberos constrained delegation settings changed (Rubeus) - Kerberos.yaml,4742
win-ad-group massive membership changes.yaml,"[4728, 4756, 4732]"
win-ad-remote local group enumeration (SharpHound).yaml,4799
win-ad-computer account created with privileges.yaml,4741
win-ad-extended rights backdoor obfuscation (via localizationDisplayId attr.).yaml,5136
win-ad-GPO sensitive modified.yaml,5136
win-ad-honeypot object usage detected.yaml,"[4624, 4625, 4768, 4769, 4770, 4771, 5140, 5145]"
win-ad-kerberoast ticket detected.yaml,4769
win-ad-Kerberos  brutforce enumeration with unexisting users.yaml,"[4771, 4768]"
win-ad-user password set to never expire.yaml,4738
win-ad-IFM created (native).yaml,"[325, 326, 327]"
win-ad-DSRM configuration changed (Reg via command).yaml,4688
win-ad-spn modification of a computer account (DCshadow) (Directory Services).yaml,5136
win-ad-user set as sensitive had protection removed.yaml,4738
win-ad-user set with Kerberos pre-authentication not required (AS-REP Roasting).yaml,4738
win-ad-SAM domain users & groups massive enumeration.yaml,4661
win-ad-gMSA password dump - GoldenGMSA.yaml,4662
win-ad-diskshadow abuse.yaml,4688
win-ad-DSRM password changed.yaml,4794
win-ad-Kerberos krbtgt password reset (Golden ticket).yaml,4724
win-ad-spn modification of a computer account (DCshadow).yaml,4742
win-ad-computer account modifying AD permissions.yaml,5136
win-ad-PowerShell Active Directory module called from a non administrative host.yaml,600
win-ad-domain group membership change (medium risk).yaml,"[4728, 4756]"
win-os-service massive failures - Tchopper (native).yaml,"[7000, 7009]"
win-os-service abuse with backdoored command failure (service).yaml,4688
win-os-service creation SMBexec (native).yaml,"[4697, 7045]"
win-os-service permissions modified (Reg via command).yaml,4688
"win-os-service remote creation via named pipes (CME, Tchopper).yaml",5145
win-os-service abuse with backdoored command failure (Reg via command).yaml,4688
win-os-service massive remote creation via named pipes - Tchopper (native).yaml,5145
win-os-service remote creation via named pipes.yaml,5145
win-os-service abuse with malicious ImagePath (Reg via command).yaml,4688
win-os-service KrbRelay deployed (native).yaml,7045
win-os-service massive installation- Tchopper (native).yaml,7045
sql_server-brutforce enumeration with unexisting users.yaml,33205
sql_server-SQL Server started in single mode (command).yaml,4688
sql_server-new member added to a server role.yaml,33205
sql_server-member got new privileges on a database.yaml,33205
sql_server-default SA admin user enabled.yaml,33205
sql_server-member got new privileges on a SQL instance.yaml,33205
sql_server-new member added to a database role.yaml,33205
sql_server-lateral movement via CLR.yaml,15457
sql_server-SQL Server DAC mode activated.yaml,15457
sql_server-failed login with disabled user.yaml,18470
sql_server-SQL Server DAC mode activity.yaml,"[17199, 17200, 17201, 17202, 17810]"
win-os-AD Connect credentials dump via network share.yaml,5145
win-os-local group enumeration via Azure Virtual machine recovery tool.yaml,4799
win-os-login via Azure serial console.yaml,4624
win-ocsp-security settings changed.yaml,5124
win-iis-web server configuration file changed (SYSMON).yaml,11
win-os-BitLocker massive feature activation (native).yaml,"[768, 775]"
win-exchange-group membership change (high risk).yaml,"[4728, 4756, 4732]"
win-exchange-transport agent artifact (native).yaml,"[1, 6]"
win-exchange-computer account modifying AD permissions (PrivExchange).yaml,5136
win-exchange-group membership change (medium risk).yaml,"[4728, 4756, 4732]"
win-exchange-group change DCsync attack.yaml,"[4728, 4756, 4732]"
win-exchange-PrivExchange impersonation detected.yaml,4624
win-os-scheduled task remote creation via named pipes (CME-ATexec).yaml,5145
win-os-Fortinet APT group abuse on Windows (task).yaml,4698
"win-os-scheduled task triggers interactive shell (at, deprecated).yaml",4688
win-os-scheduled task remote creation via named pipes (ATexec).yaml,5145
win-os-scheduled persistent task creation (command).yaml,4688
win-os-scheduled task enumeration (command).yaml,4688
win-rdp-shadow session started (native).yaml,"[20503, 20504, 20508]"
win-rdp-tunneling detected (native).yaml,1149
win-rdp-reconnaissance with valid credentials performed to multiple hosts.yaml,1149
win-rdp-discovery performed on multiple hosts.yaml,131
win-rdp-session hijack (TSCON) (command).yaml,4688
win-rdp-shadow session started (command).yaml,4688
win-rdp-login denied with valid credentials.yaml,4825
win-rdp-bluekeep connection closed.yaml,148
win-os-LSASS process accessed by a non system account.yaml,"[4656, 4663]"
win-os-LSASS credential dump with LSASSY (kernel).yaml,"[4656, 4663]"
win-os-LSASS credential dump via process access.yaml,10
win-os-LSASS dump via Task Manager (kernel).yaml,4663
win-os-LSASS credential dump with LSASSY (share).yaml,5145
win-os-Linux Subsystem (WSL) installation (native).yaml,9
win-os-OpenSSH success login.yaml,4624
win-os-OpenSSH brutforce enumeration with unexisting users.yaml,4625
win-os-OpenSSH server listening.yaml,4
win-os-OpenSSH server firewall configuration (command).yaml,4688
win-os-OpenSSH server firewall configuration (firewall).yaml,2004
win-os-NTFS hard link creation (native).yaml,4664
win-skype-group membership change (high risk).yaml,"[4728, 4756, 4732]"
win-skype-group membership change (low risk).yaml,"[4728, 4756, 4732]"
win-skype-group membership change (medium risk).yaml,"[4728, 4756, 4732]"
