Titre,EventID
selection,4656
selection_event,1151
selection1_powershell_native,800
selection2_powershell_modern,4103
selection3_powershell_block,4104
selection,4688
selection1_powershell_native,800
selection2_powershell_modern,4103
selection3_powershell_block,4104
selection,3002
selection,1116
selection,5007
selection1_powershell_native,800
selection2_powershell_modern,4103
selection3_powershell_block,4104
selection,13
selection,4688
selection,1116
selection1_powershell_native,800
selection2_powershell_modern,4103
selection3_powershell_block,4104
selection,4688
selection1_powershell_native,800
selection2_powershell_modern,4103 - 'Add-ADGroupMember' - '-Identity' - '-Members'
selection3_powershell_block,4104
selection_load,808
selection_init,354
selection_install,321
selection,4719
selection_baseline,4688
selection,"[4697, 7045]"
selection,4688
selection,"[5140, 5145]"
selection,4688
selection,4688
selection_native,4688
selection_sysmon,1
selection_basic,4688
selection_sysmon,1
selection_process,4688
selection_sysmon,1
selection1_powershell_native,800
selection2_powershell_modern,4103 - 'Add-LocalGroupMember' - '-Group' - '-Member'
selection3_powershell_block,4104
selection_command,4688
selection_login,4624
selection_swtich_cred,4648
selection,4624
selection_powershell_native,800
selection_powershell_modern,4103
selection_powershell_block,4104
selection,4625
selection,5142
selection,5145
selection_event,5145
selection,5145
selection,4625
selection_powershell_native,800
selection_powershell_modern,4103
selection_powershell_block,4104
selection,"[1102, 104]"
selection,5145
selection,4624
SERVER_powershell_native,800
SERVER_powershell_modern,4103
SERVER_powershell_block,4104
CLIENT_powershell_native,800
CLIENT_spowershell_modern,4103
CLIENT_powershell_block,4104
selection,"[19, 20, 21]"
selection_create,4720
selection_delete,4726
selection_powershell_native,800
selection_powershell_modern,4103
selection_powershell_block,4104
selection,5145
selection,4622
selection_powershell_native,800
selection_powershell_modern,4103
selection_powershell_block,4104
selection,4624
selection,5145
selection,31018
selection,4624
selection_powershell_native,800
selection_powershell_modern,4103
selection_powershell_block,4104
selection,4964
selection_service_install,"[4697, 7045]"
selection_service_privilege,4674
selection_login,4624
selection_process,4688
selection,"[4717, 4704]"
selection_powershell_native,800
selection_powershell_modern,4103
selection_powershell_block,4104
selection,6416
selection_powershell_native,800
selection_powershell_modern,4103
selection_powershell_block,4104
selection,4688
selection,5145
selection,4720
selection_powershell_native,800
selection_powershell_modern,4103
selection_powershell_block,4104
selection_command,4688
selection,5145
selection_baseline,5145
selection,4656
selection_baseline,5600
selection_basic,4688
selection_sysmon,1
selection,5145
selection,4688
selection,4688
selection,4616
selection_event,4722
selection,4688
selection,4674
selection_baseline,4688
selection,11
selection,4688
selection,4674
selection_powershell_native,800
selection_powershell_modern,4103
selection_powershell_block,4104
selection,5145
selection_powershell_native,800
selection_powershell_modern,4103
selection_powershell_block,4104
selection1,4697
selection2,7045
selection_process,4688
selection,11
selection,7
selection_registry_set,13
selection_object_added,12
selection,11
selection,1
selection_process,4688
selection_cred_switch,4648
selection,"[5142, 5143]"
selection1_powershell_native,800
selection2_powershell_modern,4103
selection3_powershell_block,4104
selection,5382
selection,4625
selection_event,5145
selection,4688
selection,4688
selection_baseline,60
selection1_powershell_native,800
selection2_powershell_modern,4103
selection3_powershell_block,4104
selection_basic,"[2004, 2005]"
selection_event,4688
selection_powershell_native,800
selection_powershell_modern,4103
selection_powershell_block,4104
selection_event,4688
selection_powershell_native,800
selection_powershell_modern,4103
selection_powershell_block,4104
selection_advanced,2003
selection_basic,4950
selection_event,4688
selection_event,4688
selection,2004
selection,6004
selection,"[4728, 4756, 4732]"
selection,"[770, 150]"
selection_powershell_native,800
selection_powershell_modern,4103
selection_powershell_block,4104
selection,4768
selection,4624
selection,5136
selection1_powershell_native,800
selection2_powershell_modern,4103
selection3_powershell_block,4104
selection,4661
selection,4738
selection,4662
selection,4661
selection,4742
selection,"[4728, 4756]"
selection_account_changed,4742
selection_reset,4724
selection,4769
selection,5136
selection,4769
selection,4768
selection,4769
selection,4742
selection,4738
selection,4673
selection,4741
selection,4732
selection_creation,4720
selection_renamed,4781
selection_event,4781
selection,4661
selection,4720
selection,4661
selection,5136
selection,4662
selection,5136
selection,4742
selection,"[5140, 5145]"
selection,4662
selection,4769
selection,4732
selection,5136
selection,4768
selection,4662
selection,4662
selection,4738
selection_powershell_native,800
selection_powershell_modern,4103
selection_powershell_block,4104
selection,"[4771, 4768]"
selection,4661
selection,4742
selection_login,4624
selection_share,5145
selection,"[4728, 4756, 4732]"
selection,4799
selection,4741
selection,5136
selection,5136
selection,"[4624, 4625, 4768, 4769, 4770, 4771, 5140, 5145]"
selection_reset,4724
selection_share,5145
selection_login,4624
selection,4769
selection,"[4771, 4768]"
selection,4738
selection,"[325, 326, 327]"
selection,4688
selection,5136
selection,4738
selection,4738
selection,4661
selection,4662
selection,4688
selection,4794
selection,4724
selection,4742
selection,5136
selection,600
selection,"[4728, 4756]"
selection_baseline,4781
selection,"[7000, 7009]"
selection_powershell_native,800
selection_powershell_modern,4103
selection_powershell_block,4104
selection,4688
selection,"[4697, 7045]"
selection1_powershell_native,800
selection2_powershell_modern,4103
selection3_powershell_block,4104
selection_powershell_native,800
selection_powershell_modern,4103
selection_powershell_block,4104
selection_powershell_native,800
selection_powershell_modern,4103
selection_powershell_block,4104
selection,4688
selection,5145
selection,4688
selection,5145
selection,5145
selection,4688
selection,7045
selection,7045
selection_powershell_native,800
selection_powershell_modern,4103
selection_powershell_block,4104
selection,33205
selection,4688
selection,33205
selection,33205
selection,33205
sql_server_event,33205
selection,33205
selection,33205
sql_server_event,33205
selection_baseline,15457
selection,15457
selection,15457
selection_basic,18470
selection_advanced,33205
selection,"[17199, 17200, 17201, 17202, 17810]"
selection,5145
selection,4799
selection,4624
selection,5124
selection_powershell_native,800
selection_powershell_modern,4103
selection_powershell_block,4104
selection_powershell_native,800
selection_powershell_modern,4103
selection_powershell_block,4104
selection,11
selection_powershell_native,800
selection_powershell_modern,4103
selection_powershell_block,4104
selection,"[768, 775]"
selection,"[4728, 4756, 4732]"
selection,"[1, 6]"
selection,5136
selection_powershell_native,800
selection_powershell_modern,4103
selection_powershell_block,4104
selection,"[4728, 4756, 4732]"
selection,"[4728, 4756, 4732]"
selection,4624
selection,5145
selection,4698
selection,4688
selection,5145
selection_create,4698
selection_delete,4699
selection,4688
selection,4688
selection,"[20503, 20504, 20508]"
selection,1149
selection1,4697
selection2,7045
selection,1149
selection,131
selection,4688
selection,4688
selection1,"[21, 25]"
selection2,1149
selection,4825
selection,148
selection_powershell_native,800
selection_powershell_modern,4103
selection_powershell_block,4104
selection,"[4656, 4663]"
selection,"[4656, 4663]"
selection,10
selection,4663
selection,5145
selection1_powershell_native,800
selection2_powershell_modern,4103
selection3_powershell_block,4104
selection,9
selection_event,4624
selection_powershell_native,800
selection_powershell_modern,4103
selection_powershell_block,4104
selection_powershell_native,800
selection_powershell_modern,4103
selection_powershell_block,4104
selection,4625
selection,4
selection_event,4688
selection_powershell_native,800
selection_powershell_modern,4103
selection_powershell_block,4104
selection_event,2004
selection,4664
selection,"[4728, 4756, 4732]"
selection,"[4728, 4756, 4732]"
selection,"[4728, 4756, 4732]"
